OPENADMET_LOGAC50_cyp3a4,OPENADMET_LOGAC50_pxr,OPENADMET_LOGAC50_ahr
5.1,,
5.0,,
4.5,,
4.8,,
6.45,,
4.6,,
4.48,,
6.099999999999999,,
4.8,,
6.099999999999999,,
4.6,,
5.01,,
4.7,,
5.27,,
4.82,,
8.74,,
4.75,,
5.599999999999999,,
4.5,,
,6.52,
5.21,,
4.9,,
5.0,,
5.4,,
7.0,,
5.7,,
5.0,,
4.13,,
5.3,,
4.9,,
6.55,,
6.099999999999999,,
4.6,,
5.5,,
5.65,,
5.05,,
5.55,,
4.95,,
5.2,,
5.8,,
4.6,,
5.1,,
,,6.9
5.4,,
5.96,,
5.35,,
4.6,,
5.6,,
4.55,,
5.0,,
4.8,,
5.7,,
5.599999999999999,,
5.599999999999999,,
6.22,,
5.2,,
5.52,,
4.7,,
4.8,,
5.35,,
4.55,,
5.5,,
4.6,,
6.1,,
4.9,,
4.55,,
5.0,,
4.8,,
5.5,,
6.42,,
6.48,,
5.07,,
,6.42,
6.22,,
5.0,,
4.9,,
5.25,,
5.7,,
5.21,,
5.6,,
5.3,,
5.4,,
5.6,,
4.8,,
5.599999999999999,,
5.41,,
4.744999999999999,,
6.1,,
5.2,,
4.65,,
5.55,,
5.35,,
5.1,,
4.85,,
5.1,,
4.8,,
5.95,,
7.46,,
4.8,,
4.7,,
5.41,,
5.92,,
,,5.36
5.44,,
4.65,,
,5.1,
5.0,,
7.1,,
4.92,,
,7.85,
5.400000000000001,,
4.8,,
5.2,,
5.1,,
5.35,,
4.9,,
5.45,,
4.6,,
4.75,,
5.24,,
5.5,,
6.52,,
6.3,,
5.4,,
4.5,,
5.9,,
5.5,,
6.52,,
5.0,,
5.0,,
4.41,,
4.6,,
5.23,,
5.900000000000001,,
5.0,,
5.87,,
4.95,,
5.2,,
5.4,,
5.04,,
,,6.96
6.25,,
5.425,,
7.75,,
4.65,,
6.38,,
5.15,,
5.77,,
4.994999999999999,,
5.82,,
4.8,,
5.400000000000001,,
5.65,,
,,6.08
4.9,,
4.7,4.57,
5.5,,
4.55,,
5.2,,
5.5,,
4.82,,
5.35,,
4.5,,
4.95,,
4.65,,
,5.775,
4.85,,
5.5,,
,5.66,
5.400000000000001,,
,4.851999999999999,
4.9,,
5.8,,
5.5,,
4.4,,
5.2,,
4.6,,
4.8,,
4.7,,
4.7,,
5.75,,
5.65,,
4.24,,
4.8,,
5.400000000000001,,
4.85,,
5.47,,
5.7,,
4.85,,
5.4,,
5.17,,
4.85,,
4.95,,
6.44,,
4.6,,
5.1,,
4.95,,
5.31,,
5.3,,
5.37,,
5.2,,
4.75,,
4.4,,
5.82,,
4.95,,
5.0,,
5.85,,
4.8,,
4.9,,
6.2,,
5.3,,
6.45,,
8.26,,
4.6,,
6.82,,
5.05,,
4.8,,
4.5,,
4.693333333333333,,
6.0,,
4.6,,
,7.09,
4.7,,
5.0,,
5.3,,
5.65,,
,4.66,
,5.8,
5.3,,
5.5,,
5.3,,
5.77,,
5.05,,
5.8,,
4.85,,
4.7,,
6.22,,
5.0,,
4.89,,
5.6,,
5.6,,
4.8,,
5.75,,
4.3,,
4.449999999999999,,
5.8,,
4.66,,
,,6.92
6.21,,
4.7,,
4.92,,
4.85,,
6.46,,
5.5,,
5.599999999999999,,
,6.22,
5.7,,
4.9,,
5.4,,
5.1,,
4.85,,
4.95,,
5.0,,
6.0,,
5.1,,
7.099999999999999,,
5.2,,
5.3,,
4.65,,
4.6,,
5.24,,
5.08,,
6.85,,
4.55,,
5.1,,
,5.48,
5.44,,
4.6,,
5.97,,
4.4,,
4.9,,
,6.145,
4.6,,
5.0,,
4.9,,
5.22,,
,4.93,
4.4,,
4.4,,
4.8,,
5.45,,
4.96,,
,6.58,
5.08,,
4.6,,
5.5,,
,6.33,
6.2,,
6.64,,
4.37,,
,4.6,
5.8,,
4.9,,
4.8,,
4.8,,
4.6,,
4.57,,
5.400000000000001,,
4.5,,
5.1,,
4.96,,
5.09,,
5.0,,
4.87,,
4.89,,
4.9,,
5.45,,
4.4,,
6.68,,
4.9,,
5.400000000000001,,
5.27,,
4.5,,
4.6,,
,6.13,
5.92,,
,,7.5
7.14,,
4.9,,
,5.725,
4.75,,
4.6,,
4.85,,
4.52,,
5.3,,
7.07,,
4.6,,
6.599999999999999,,
5.1,,
5.25,,
4.4,,
6.3,,
6.099999999999999,,
5.15,,
5.19,,
4.85,,
6.75,,
5.05,,
4.1,,
5.25,,
6.5,,
4.65,,
5.47,,
5.0,,
4.75,,
,,7.92
4.71,,
5.5,,
4.8,,
6.52,,
4.4,,
4.62,,
4.8,,
,6.05,
5.599999999999999,,
4.6,,
5.95,,
4.9,,
4.52,,
5.4,,
4.9,,
5.599999999999999,,
5.645,,
6.8,,
4.8,,
4.6,,
5.3,,
5.16,,
4.48,,
4.5,,
5.08,,
5.35,,
5.5,,
4.9,,
5.0,,
4.5,,
4.85,,
5.76,,
5.599999999999999,,
6.2,,
5.47,,
5.0,,
4.8,,
,4.3,
,5.65,
5.15,,
5.900000000000001,,
5.0,,
4.75,,
5.2,,
5.46,,
5.15,,
5.51,,
5.400000000000001,,
5.0,,
5.400000000000001,,
4.9,,
4.8,,
,6.1899999999999995,
4.6,,
4.65,,
4.26,,
4.47,,
4.7,,
4.66,,
5.41,,
5.599999999999999,,
5.1,,
5.55,,
,,7.77
5.4,,
4.9,,
5.0,,
5.5,,
7.22,,
5.0,,
4.5,,
5.32,,
4.8,,
5.3,,
5.5,,
5.609999999999999,,
5.599999999999999,,
5.3,,
4.9,,
5.0,,
6.17,,
6.05,,
5.8,,
5.2,,
5.2,,
5.1,,
,6.16,
4.89,,
5.09,,
4.7,,
4.699999999999999,,
4.4,,
4.9,,
4.9,,
4.95,,
6.82,,
4.8,,
4.7,,
4.8,,
4.82,,
4.8,,
5.3,,
5.05,,
4.32,,
4.85,,
4.8,,
5.0,,
5.4,,
5.6,,
4.9,,
5.900000000000001,,
5.599999999999999,,
5.58,,
4.17,,
5.0,,
5.08,,
5.05,,
6.05,,
5.4,,
5.5,,
4.96,,
5.3,,
4.4,,
6.36,,
4.7,,
6.0,,
5.15,,
5.400000000000001,,
5.0,,
,5.6,
5.599999999999999,,
5.16,,
5.65,,
5.4,,
4.84,,
5.4,,
5.3,,
5.5,,
,6.16,
5.7,5.525,
,6.16,
5.0,,
4.7,,
5.7,,
5.15,,
4.6,,
4.859999999999999,,
5.3,,
5.6,,
4.5,,
5.15,,
4.85,,
4.64,,
6.38,,
4.5,,
5.5,,
4.75,,
6.826666666666667,,
4.66,,
5.2,,
5.08,,
4.9,,
5.400000000000001,,
5.55,,
4.85,,
5.1,,
5.900000000000001,,
7.3,,
4.85,,
5.85,,
5.1,,
5.1,,
4.85,,
5.8,,
4.85,,
4.8,,
4.4,,
5.599999999999999,,
5.1,,
5.0,,
5.52,,
6.0,,
6.2,,
5.699999999999999,,
4.95,,
4.6,,
4.8,,
5.3,,
6.0,,
4.9,,
5.0,,
5.66,,
5.1,,
5.3,,
,,8.59
5.12,,
4.85,,
4.57,,
5.3,,
5.400000000000001,,
4.8,,
6.47,,
4.8,,
4.4,,
,,5.23
5.82,,
4.7,,
6.7,,
5.3,,
5.2,,
6.35,,
4.72,,
4.7,,
6.0,,
5.5,,
4.82,,
4.8,,
,4.78,
4.6,,
4.6,,
,4.16,
,,7.03
4.17,,
6.15,,
4.8500000000000005,,
6.2,,
5.0,,
4.65,,
5.17,,
,8.05,
4.8,,
5.3,,
7.0,,
4.6,,
5.65,,
4.4,,
5.0,,
4.4,,
5.5,,
4.4,,
5.5,,
5.75,,
4.503333333333333,,
6.34,,
4.7,,
5.5,,
4.9,,
5.400000000000001,,
4.8,,
4.8,,
4.85,,
4.4,,
6.52,,
5.4,,
5.96,,
,4.18,6.07
,5.82,
5.12,,
6.8,,
6.0,,
5.1,,
4.0,,
5.38,,
4.6000000000000005,,
5.6,,
5.17,,
5.6,,
6.1775,5.3,
4.9,,
5.33,,
4.8,,
4.8,,
4.65,,
4.27,,
4.34,,
,6.2,
,,4.6
4.61,,
5.05,,
,5.08,
5.28,,
5.2,,
4.9,,
4.8,,
5.5,,
4.9,,
4.8,,
6.2,,
5.5,,
4.8,,
5.400000000000001,,
4.85,,
6.0,,
4.8,,
5.2,,
4.95,,
4.9,,
4.8,,
5.5,,
5.4399999999999995,,
4.62,,
5.5,,
4.95,,
5.3,,
4.4,,
5.4,,
5.1,,
6.77,,
5.7,,
5.6,,
5.7,,
5.85,,
4.418,,
4.8,,
5.25,,
4.4,,
6.77,,
5.1,,
4.44,,
4.4,,
5.95,,
7.0,,
,,5.32
4.6,,
5.095,,
5.9,,
5.0,,
4.95,,
4.25,,
4.95,,
6.07,,
5.22,,
6.16,,
5.2,,
4.89,,
9.15,,
4.8,,
4.58,,
4.9,,
4.5,,
4.5,,
,5.06,
4.85,,
,5.0,
,5.195,
6.4,,
5.0,,
4.65,,
4.7,,
4.8,,
5.35,,
5.5,,
4.5,,
5.05,,
4.6,,
5.1,,
5.05,,
5.5,,
4.7,,
4.4,,
4.9,,
5.3,,
5.400000000000001,,
,4.8,
5.65,,
5.89,,
4.6,,
4.6,,
5.400000000000001,,
4.6,,
5.08,4.54,
5.5,,
,6.716666666666666,
5.5,,
4.63,,
4.8,,
5.7,,
6.0,,
4.6,,
5.05,,
,,5.96
4.6,,
5.12,,
6.4,,
4.82,,
6.68,,
5.4,,
4.5,,
4.4,,
4.4,,
4.71,,
7.05,,
4.9,,
4.75,,
5.3,,
4.8,,
5.1,,
5.7,,
4.6,,
5.7,,
,,5.83
4.75,,
5.7,,
5.2,,
6.0,,
4.8,,
5.2,,
,5.18,
5.5,,
,5.823333333333333,
5.2,,
4.4,,
4.9,,
5.06,,
4.85,,
5.03,,
5.34,,
5.1,,
7.77,,
5.66,,
4.55,,
5.41,,
4.4,,
6.5,,
5.900000000000001,,
4.85,,
5.599999999999999,,
4.8,,
4.85,,
5.640000000000001,,
6.3,,
5.7,,
5.5,,
5.05,,
4.8,,
5.85,,
5.3,,
5.2,,
6.5,,
5.0,,
4.87,,
6.6,,
5.8,,
4.8,,
4.5,,
5.65,,
4.48,,
5.8,,
4.9,,
,5.29,
6.15,,
,5.85,
5.2,,
9.0,,
4.4,,
4.83,,
4.6,,
,4.82,
5.0,,
5.1,,
4.5,,
4.9,,
5.3,,
5.7,,
7.599999999999999,,
4.96,,
5.4,4.65,
4.6,,
5.8,,
5.599999999999999,,
4.9,,
4.4,,
4.85,,
4.6,,
5.5,,
4.6,,
4.83,,
4.6,,
4.8,,
4.21,,
,5.5,
5.45,,
6.8,,
5.3,,
4.4,,
4.72,,
4.5,,
5.2,,
,4.7,
5.6,,
4.91,,
5.7,,
4.96,,
5.8,,
6.29,,
5.6,,
6.52,,
4.6,,
4.88,,
5.376470588235295,,
4.6,,
5.279999999999999,,
5.5,,
5.2,,
5.0,,
4.64,,
4.0,,
5.400000000000001,,
4.65,,
5.5,,
5.75,,
4.58,,
5.2,,
5.5,,
4.5,,
5.400000000000001,,
4.44,,
4.8,,
4.8,,
4.95,,
,,5.17
6.7,,
5.1,,
6.05,,
5.0,,
,5.34,
4.9,,
5.4,,
5.7,,
5.15,,
4.9,,
4.55,,
5.55,,
6.0,,
5.77,,
5.38,,
4.8,,
4.5,,
4.63,,
4.85,,
5.3,,
6.22,,
5.55,,
4.85,,
4.9,,
5.5,,
4.95,,
6.0,,
5.1,,
4.6,,
,5.84,
5.05,,
4.7,,
4.55,,
5.1,,
5.7,,
4.8,,
4.7,,
4.8,,
4.95,,
4.85,,
5.6,,
4.5,,
4.85,,
5.52,,
5.15,,
5.4,,
4.85,,
5.1,,
5.85,,
5.82,,
,,7.17
5.7,,
6.05,,
4.8,,
5.8,,
4.85,,
6.09,,
4.6,,
4.6,,
5.400000000000001,,
4.45,,
6.11,,
4.7,,
5.0,,
4.9,,
4.85,,
4.7,,
5.900000000000001,,
5.0,,
5.5,,
4.95,,
4.4,,
4.8,,
5.47,,
5.0,,
4.4,,
4.4,,
5.72,,
4.7,,
6.099999999999999,,
5.0,,
4.6,,
,5.7,
4.8,,
5.5,,
4.8,,
5.4,,
5.8,,
5.05,,
4.9,,
5.3,,
5.3,,
4.8,,
6.0,,
5.515000000000001,,
5.599999999999999,,
4.75,,
5.4,,
4.8,,
4.64,,5.64
4.8,,
,5.15,
4.8,,
5.13,,
5.2,,
4.8,,
4.8,,
4.5,,
4.8,,
4.45,,
5.5,,
5.3,,
4.9,,
5.44,,
4.8,,
6.5,,
4.8,,
5.2,,
5.400000000000001,,
5.0,,
5.8,,
5.65,,
4.8500000000000005,,
6.0,,
,5.36,
5.12,,
5.1,,
4.37,,
4.16,,
4.75,,
4.8,,
4.5,,
6.15,,
4.9,,
4.8,,
5.82,,
7.31,,
4.85,,
,6.12,
5.0,,
,,5.8
5.7,,
4.9,,
4.4,,
5.7,,
4.8,,
5.142857142857143,,
4.676666666666667,,
6.5,,
6.45,,
5.0,,
5.45,,
4.66,,
5.1,,
4.45,,
4.8,,
5.42,,
5.0,,
4.5,,
6.32,,
4.9,,
4.85,,
9.05,,
5.0,,
4.5,,
5.2,,
5.4,,
,6.13,
,5.36,
5.6,,
,6.52,
5.5,,
4.85,,
5.8149999999999995,,
5.34,,
5.95,,
5.11,,
4.9,,
5.7,,
5.400000000000001,,
4.85,,
4.55,,
6.400000000000001,,
4.9,,
5.3,,
4.4,,
5.6,,
5.45,,
6.5600000000000005,,
4.8,,
5.7,,
4.6,,
,4.8999999999999995,
6.05,,
5.3,,
6.05,,
5.51,,
4.6,,
6.15,,
4.8,,
5.1,,
4.7,,
4.8,,
5.15,,
5.0,,
4.96,,
4.4,,
5.4,,
5.75,,
4.9,,
5.400000000000001,,
6.0,,
5.599999999999999,,
5.5,,
4.5,,
5.3,,
5.17,,
4.43,,
5.63,,
4.6,,
4.9,,
5.0,,
5.65,,
5.05,,
5.5,,
4.75,,
5.3,,
5.95,,
4.975,,
5.4,,
5.65,,
5.3,,
4.75,,
6.1,,
5.85,,
4.8,5.07,
5.0,,
4.5,,
4.8,,
6.1,,
5.0,,
4.8,,
5.31,,
5.465,,
5.1499999999999995,,
4.9,,
5.52,,
4.58,,
5.1,,
4.6,,
4.9,,
5.1,,
5.19,,
5.22,,
5.45,,
5.0,,
,,5.33
7.94,,
7.599999999999999,,
5.1,,
5.5,,
4.8,,
4.02,,
,5.6,
4.82,,
4.85,,
,,7.39
5.35,,
5.0,,
4.42,,
4.8,,
5.533333333333334,,
4.8,,
5.5,,
5.7,,
7.75,,
5.5,,
4.7,,
5.2,,
4.8,,
5.45,,
4.95,,
5.22,,
4.8,,
5.3,,
,4.73,
5.66,,
5.0,,
4.85,,
5.45,,
5.3,,
5.4,,
5.5,,
5.400000000000001,,
5.64,,
5.64,,
5.400000000000001,,
4.95,,
4.8,,
6.17,,
5.0,,
5.353333333333333,,
5.3,,
,6.2,
5.3,,
4.43,,
5.0,,
5.75,,
,6.1,
4.65,,
5.0,,
4.9,,
5.72,,
4.85,,
6.099999999999999,,
4.75,,
5.0,,
4.9,,
,6.046666666666667,
4.8,,
6.1,,
5.4,,
4.8,,
5.9350000000000005,,
4.7,,
4.8,,
5.62,,
4.8,,
4.4,,
5.154999999999999,,
6.099999999999999,,
5.400000000000001,,
5.17,,
5.5,,
4.6,,
6.3,,
4.4,,
5.4,,
4.77,,
5.8,,
4.67,,
,,7.56
6.45,,
5.65,,
5.32,,
4.5,,
4.8,,
6.89,,
6.599999999999999,,
5.55,,
4.4,,
5.82,,
5.82,,
5.92,,
5.85,,
4.6,,
5.599999999999999,,
6.05,,
5.08,,
5.400000000000001,,
,,5.66
4.8,,
5.900000000000001,,
5.5,,
5.1,,
5.5,,
4.6499999999999995,,
5.1,,
5.7,,
5.0,,
4.85,,
5.9,,
,4.6,
4.68,,
5.5,,
4.85,,
5.27,,
4.4,,
4.65,,
4.8,,
4.95,,
5.5,,
4.55,,
4.7,,
5.49,,
4.85,,
4.4,,
5.2,,
5.1,,
4.8,,
5.17,,
6.609999999999999,,
5.48,,
4.9,,
6.1,,
8.4,,
,4.3,
4.5,,
4.82,,
,5.7,
4.6,,
4.8,,
4.4,,
4.6,,
4.4,,
4.96,,
7.2,,
4.9,,
4.43,,
4.9,,
5.4,,
4.75,,
4.64,,
5.4,,
5.3,,
4.6,,
5.0,,
6.13,,
4.5,,
4.75,,
6.0,,
5.900000000000001,,
5.58,,
4.9,,
4.8,,
,6.3,
4.6,,
5.599999999999999,,
4.75,,
4.8,,
7.0,,
4.6,,
4.92,,
5.1,,
5.05,,
5.2,,
5.29,6.37,
,,5.03
6.96,,
,,6.62
5.5,,
5.599999999999999,,
,6.005,
5.0,,
4.8,,
4.04,,
5.400000000000001,,
7.62,,
5.0,,
4.525,,
5.64,,
4.4,,
5.0,,
5.5,,
6.3,,
4.8,,
4.55,,
4.9,,
4.9,,
4.29,,
4.9,,
5.4,,
6.35,,
4.5,,
5.2,,
5.67,,
5.414285714285714,,
4.85,,
5.09,,
6.05,,
4.7,,
5.3,,
6.17,,
4.8,,
6.89,,
4.8,,
4.4399999999999995,,
5.0,,
5.1,,
5.8,,
6.1000000000000005,,
5.599999999999999,,
5.4,,
5.67,,
5.4,,
5.67,,
4.95,,
5.15,,
5.05,,
5.58,,
4.4,,
,5.12,
5.15,,
4.85,,
5.43,,
4.65,,
4.4,,
4.8,,
6.265,,
6.779999999999999,,
5.03,,
4.68,,
5.0,,
6.335,,
5.400000000000001,,
4.85,,
5.0,,
4.51,,
4.9,,
4.85,,
5.7,,
4.1,,
6.0,,
5.7,,
5.89,,
5.400000000000001,,
4.85,,
4.9,,
4.5,,
4.82,,
5.8,,
5.4,,
5.400000000000001,,
4.8,,
7.09,,
5.16,,
4.8,,
5.55,,
5.45,,
4.54,4.58,
4.68,,
5.54,,
6.0,,
4.8,,
4.75,,
4.6,,
4.87,,
4.75,,
4.65,,
,4.6675,
4.85,,
4.72,,
5.63,,
5.35,,
5.6,,
5.0,,
4.5,,
5.4,,
4.8,,
5.0,,
4.8,,
6.82,,
6.0,,
5.15,,
4.7,,
5.2,,
5.4,,
5.35,,
5.85,,
4.9,,
7.0,,
4.7,,
4.0,,
6.126666666666666,,
4.515,,
5.6,,
4.7,,
5.2,,
5.400000000000001,,
6.5,,
4.8,,
4.6,,
,5.23,
4.41,,
4.45,,
4.75,,
5.1,,
4.85,,
4.8,,
6.1,,
6.89,,
4.6,,
4.65,,
4.17,,
5.484999999999999,,
,6.0,
5.285,,
5.46,,
6.3,,
5.8,,
5.0,,
4.85,,
6.8,,
5.8,,
4.7,,
5.21,,
5.5,,
5.3,,
4.72,,
5.4,,
5.7,,
,7.35,
5.95,,
,,7.21
6.4,,
5.2,,
5.8,,
4.96,,
5.400000000000001,,
5.3,,
5.32,,
4.4,,
5.1,,
6.2,,
5.45,,
4.8,,
5.61,,
5.35,,
4.6,,
5.4,,
5.1,,
5.1,,
5.5,,
5.6,,
7.52,,
6.37,,
4.62,,
5.5,,
5.03,,
4.65,,
4.7,,
5.400000000000001,,
4.8,,
4.8,,
4.85,,
4.4,,
5.300000000000001,,
,4.68,
5.85,,
5.5,,
4.7,,
4.25,,
4.59,,
5.400000000000001,,
4.9,,
5.2,,
4.7,,
4.7,,
6.7,,
5.3,,
,,6.76
4.6,,
4.5,,
5.92,,
4.855,,
4.5,,
6.2,,
6.36,,
5.5,,
5.3,,
,5.68,
5.41,,
4.5,,
4.85,,
4.89,,
5.05,,
4.73,,
5.4,,
5.55,,
4.6,,
6.9,,
5.95,,
5.34,,
4.55,,
6.0,,
5.19,,
,5.52,
5.400000000000001,,
4.9,,
5.8,,
4.58,,
,,5.46
5.58,,
6.22,,
5.14,,
5.0,,
4.8,,
5.05,,
5.400000000000001,,
6.75,,
4.35,,
5.5,,
5.1,,
,7.38,
4.66,,
4.8,,
6.3,,
5.3,,
4.8,,
4.785,,
5.26,,
5.8,,
5.4,,
4.7,,
5.31,,
4.9,,
5.0,,
6.1,,
5.06,,
5.3,,
5.0,,
4.44,,
5.1,4.72,
4.55,,
4.9,,
5.5,,
4.95,,
5.52,,
4.8,,
4.77,,
4.34,,
6.52,,
4.65,,
5.400000000000001,,
4.85,,
4.4,,
6.400000000000001,,
,4.88,
,,9.08
5.2,,
5.55,,
,,4.0
4.8,,
4.5,,
5.5,,
4.95,,
5.900000000000001,,
5.1,,
4.6,,
4.6,,
4.6,,
5.9,,
4.6,,
4.53,,
4.9,,
5.42,,
6.03,,
4.75,,
6.3,,
5.4,,
5.4,,
4.9,,
5.5,,
5.72,,
5.15,,
4.85,,
5.11,,
4.6,,
,5.46,
,6.09,
5.3,,
,,6.57
6.35,,
4.5,,
4.85,,
4.8,,
6.16,,
5.0,,
5.0,,
4.37,,
5.65,,
5.42,,
5.05,,
4.5,,
6.42,,
5.55,,
5.2,,
5.5,,
6.6,,
4.9,,
4.5,,
5.55,,
4.87,,
4.55,,
4.8,,
4.6,,
5.400000000000001,,
4.8,,
5.68,,
5.06,,
,6.64,
4.9,,
5.2,,
5.400000000000001,,
4.8,,
5.0,,
4.8,,
5.41,,
,4.99,
7.2,,
5.25,,
5.6,,
4.9,,
4.8,,
5.3,,
5.0,,
5.03,,
4.9,,
4.14,,
4.65,,
5.1,,
4.85,,
4.5,,
6.07,,
4.8,,
5.9,,
5.75,,
4.9,,
6.6,,
4.6,,
5.3,,
5.6,,
5.7,,
6.1,,
6.0,,
5.1,,
5.900000000000001,,
4.9,,
5.8,,
5.5,,
6.5,,
4.85,,
6.52,,
5.22,,
4.85,,
5.12,,
4.5,,
4.58,,
4.5,,
5.55,,
5.0,,
5.400000000000001,,
5.0,,
4.7,,
6.05,,
5.5,,
4.8,,
5.5,,
5.5,,
4.9,,
6.15,,
5.5,,
5.6899999999999995,,
4.8,,
5.5,,
5.63,,
5.3,,
4.6,,
5.32,,
4.99,,
5.4,,
4.92,,
5.5,,
4.7,,
5.47,,
5.85,,
5.7,,
4.73,,
,4.666666666666667,
5.05,,
6.3,,
6.1,,
4.9,,
4.85,,
4.77,,
5.35,,
6.52,,
5.4,,
4.8,,
6.48,,
4.9,,
6.1,,
5.2,,
5.4,,
5.0,,
5.45,,
5.0,,
,5.766666666666667,
5.65,,
4.8,,
5.62,,
6.2,,
4.8,,
6.7,,
,,8.6
4.7,,
4.8,,
4.7,,
5.1,,
5.19,,
5.5,,
4.6499999999999995,,
5.29,,
,4.99,
5.6,,
5.05,,
5.5,,
6.52,,
5.1,,
4.6,,
5.8,,
4.55,,
5.400000000000001,,
4.9,,
5.3,,
5.4,,
5.599999999999999,,
4.7,,
4.85,,
4.6,,
7.3,,
4.96,,
5.3,,
,,6.35
5.4,,
4.6,,
4.8,,
4.85,,
4.8,,
4.32,,
4.75,,
4.6,,
4.8,,
5.5,,
6.4,,
6.4,,
5.75,,
,6.703333333333333,
4.9,,
4.6,,
5.07,,
6.2,,
,8.3,
5.18,,
4.45,,
4.8,,
5.4,,
4.6,,
5.15,,
5.7,,
5.65,,
5.5,,
5.85,,
4.62,,
5.55,,
5.35,,
4.55,,
5.18,,
5.1,,
4.8,,
5.3,,
5.400000000000001,,
5.234999999999999,,
5.599999999999999,,
4.8,,
5.54,,
5.0,,
4.24,,
5.3,,
4.24,,
5.05,,
4.62,,
5.235,,
,,6.1
4.6,,
4.95,,
5.22,,
6.44,,
5.3,,
4.75,,
5.7,,
5.609999999999999,,
4.6,,
4.9,,
,6.64,
6.099999999999999,,
5.4,,
5.8,,
5.3,,
6.52,,
5.15,,
,5.71,
4.7,,
4.95,,
4.65,,
6.05,,
4.65,,
4.9,,
,5.986666666666667,
5.4,,
6.96,,
5.55,,
4.875,,
4.8,,
4.6,,
5.5,,
4.5,,
5.7,,
5.05,,
8.0,,
4.05,,
,5.901666666666666,
6.4,,
4.6,,
5.7,,
4.4,,
5.41,,
5.72,,
4.6,,
6.08,,
5.400000000000001,,
4.85,,
4.6,,
6.16,,
4.6,,
4.85,,
5.0,,
5.1,,
4.8,,
5.24,,
5.7,,
5.75,,
5.62,,
5.45,,
5.96,,
4.75,,
7.7,,
5.5,,
5.28,,
4.96,,
4.9,,
5.75,,
4.75,,
4.39,,
5.1,,
5.31,,
5.1,,
4.9,,
6.5,,
6.23,,
4.62,,
4.6,,
5.6,,
4.64,,
5.4,,
5.400000000000001,,
5.45,,
5.5,,
4.8,,
4.75,5.11,
5.275,,
5.2,,
5.4,,
4.7,,
4.9,,
5.54,,
4.9,,
5.65,,
,,4.7
4.75,,
4.01,,
,,7.64
4.8,,
,7.6,
5.1,,
5.4,,
7.0,,
4.5,,
5.3,,
5.5,,
5.15,,
4.7,,
4.85,,
4.54,,
5.16,,
4.72,,
5.8,,
5.7,,
5.1,,
4.4,,
4.6,,
5.8,,
,5.896666666666666,
5.0,,
6.4,,
5.400000000000001,,
4.72,,
5.0,,
5.89,,
5.18,,
5.7,,
4.9,,
5.3,,
5.5,,
4.4,,
,5.21,
,5.82,
4.8,,
5.5,,
5.4,,
4.83,,
4.9,,
5.3,,
4.99,,
4.9,,
6.51,,
4.65,,
5.400000000000001,,
4.8,,
5.6,,
4.85,,
5.4,,
4.85,,
6.400000000000001,,
4.8,,
6.1,,
5.8,,
4.7,,
4.95,,
4.77,,
4.54,,
,5.32,
5.2,,
4.6,,
4.3,,
4.8,,
5.3,,
5.0,,
,5.04,
5.900000000000001,,
4.13,,
5.5,,
4.85,,
5.8,,
4.5,,
4.4,,
4.4,,
4.6,,
5.400000000000001,,
4.9,,
5.85,,
5.44,,
4.9,,
5.85,,
4.85,,
7.22,,
,5.54,
4.95,,
4.5,,
5.5,,
5.6,,
5.1,,
5.1,,
5.1,,
5.5,,
4.8,,
,,4.8100000000000005
5.3,,
5.0,,
4.8,,
4.8,,
4.7,,
4.55,,
4.65,,
5.39,,
,4.75,5.92
4.9,,
4.75,,
5.2,,
4.65,,
5.755,,
4.5,,
5.400000000000001,,
4.5,,
5.599999999999999,,
4.82,,
4.8,,
4.68,,
4.65,,
6.2,,
4.5,,
,5.52,
,5.46,
5.72,,
5.5,,
5.599999999999999,,
,7.28,
5.5,,
4.6,,
6.0,,
4.5,,
5.109999999999999,,
5.4,,
5.0,,
4.85,,
5.2,,
6.2,,
5.0,,
4.9,,
5.599999999999999,,
4.75,,
5.449999999999999,,
4.2,,
6.22,,
4.9,,
4.5,,
5.15,,
6.2725,,
4.66,,
5.914999999999999,,
4.9,,
8.26,,
7.16,,
4.55,,
4.8,,
4.6,,
,5.9350000000000005,
4.8,,
5.5,,
5.1,,
6.22,,
6.5,,
5.1,,
5.0,,
5.3,,
5.68,,
6.3,,
5.4,,
4.85,,
5.5,,
6.0,,
5.35,,
4.6,,
4.44,,
4.8,,
5.96,,
,6.75,
4.68,,
4.9,,
5.85,,
5.5,,
4.46,,
4.9,,
4.7,,
6.2,,
5.21,,
5.5,,
5.42,,
6.0,,
,7.26,
4.6,,
4.6,,
4.7,,
5.7,,
6.1,,
4.64,,
4.7,,
4.28,,
4.8,,
5.0,,
5.45,,
4.96,,
4.44,,
6.900000000000001,,
5.7,,
4.7,,
5.7,,
4.6,,
5.599999999999999,,
4.85,,
5.1,,
5.2,,
4.7,,
4.51,,
4.8,,
4.7,,
4.6,,
4.6,,
5.5,,
4.45,,
4.9,,
4.4,,
4.9,,
,5.966666666666666,
5.22,,
4.6,,
4.9,,
4.55,,
5.0,,
4.9,,
5.2,5.025,
4.8,,
4.55,,
4.71,,
4.6,,
4.9,,
4.92,,
4.66,,
5.3,,
4.9,,
4.95,,
4.75,,
4.64,,
4.68,,
6.1,,
4.6,,
4.43,,
5.0,,
5.41,,
,7.5,
5.5,,
5.15,,
6.01,,
4.55,,
6.33,,
4.85,,
5.3,,
4.4,,
5.6,,
4.8,,
4.9,,
5.85,,
5.3,,
4.9,,
,6.699999999999999,
6.0,,
5.400000000000001,,
4.77,,
4.96,,
5.55,,
4.65,,
5.1,,
5.2,,
5.5,,
4.95,,
4.8,,
6.400000000000001,,
5.125,,
5.17,,
5.900000000000001,,
6.5,,
4.5,,
5.3,,
4.97,,
4.9,,
5.400000000000001,,
6.55,,
5.62,,
5.19,,
5.5,,
4.8,,
4.79,,
5.5,,
6.484999999999999,,
5.82,,
4.6,,
7.1,,
5.4,,
4.8,,
5.8,,
5.2,,
4.75,,
4.4,,
5.06,,
5.1,,
5.400000000000001,,
4.9,,
4.9,,
5.0,,
4.755,,
5.45,,
5.5,,
,,4.62
4.5,,
4.8,,
4.65,,
4.9,,
5.72,,
5.5,,
,5.395,
5.400000000000001,,
5.38,,
5.1,,
4.85,,
4.32,,
4.9,,
4.23,,
,4.96,
5.0,,
5.3,,
5.5,,
5.7,,
5.2,,
6.21,,
6.92,,
4.77,,
4.3,,
5.15,,
4.7,,
4.9,,
5.5,,
4.8,,
,5.71,
4.9,,
6.4,,
5.7,,
4.8,,
4.9,,
,5.3500000000000005,
5.166666666666667,,
6.099999999999999,,
5.11,,
4.85,,
6.64,,
4.9,,
5.5,,
6.2,,
,5.803333333333334,
5.8,,
5.19,,
4.955,,
4.85,,
6.17,,
4.4,,
5.2,,
4.8,,
5.7,,
5.400000000000001,,
5.5,,
4.7,,
,6.465,
5.5,,
5.3,,
5.400000000000001,,
5.5,,
4.65,,
5.46,,
5.25,,
8.0,,
5.2,,
5.55,,
6.1,,
4.9,,
4.605,,
6.52,,
,,5.65
5.8,,
4.8,,
6.17,,
4.58,,
4.52,,
5.75,,
4.8,,
5.55,,
4.0,,
,4.7,
5.8,,
,5.906666666666666,
4.9,,
5.6,,
4.8,,
,5.82,
6.27,,
,4.95,
5.5,,
4.96,,
,,9.72
5.35,,
4.68,,
6.75,,
5.1,,
4.96,,
4.75,,
4.8,,
,5.355,
6.05,,
5.7,,
5.1,,
5.49,,
4.7,,
5.1,,
5.3,,
5.599999999999999,,
5.666666666666667,,
4.7700000000000005,,
4.9,,
5.52,,
4.6,,
5.16,,
6.7,,
6.5,,
4.97,,
4.9,,
,5.02,
5.5,,
4.795,,
5.1,,
5.1,,
4.9,,
4.8,,
5.7,,
6.6,,
5.3,,
,5.27,
,5.166666666666667,
6.12,,
4.89,,
4.8,,
5.599999999999999,,
4.75,,
,5.205,
5.15,,
5.3,,
5.64,,
4.9,,
,,5.57
4.0,,
4.75,,
5.34,,
5.3,,
4.4,,
5.3,4.875,
4.13,,
6.0,,
5.365,,
4.9,,
5.900000000000001,,
5.0,,
6.7,,
6.85,,
5.3,,
4.77,,
5.6,,
4.9,,
4.7,,
5.1,,
4.95,,
,5.895,
4.66,,
4.19,,
5.5,,
5.0,,
4.7,,
5.3,,
4.85,,
5.400000000000001,,
4.9,,
4.6,,
4.8,,
5.08,,
5.4,,
4.7,,
4.9,,
4.6,,
5.92,,
5.87,,
4.65,,
5.7,,
4.5,,
5.35,,
,,6.64
4.9,,
5.5,,
4.6,,
5.35,,
,6.2,
4.9,,
5.3,,
7.0,,
5.0,,
5.01,,
5.400000000000001,,
6.5,,
5.5,,
4.55,,
4.9,,
4.7,,
5.3,,
5.26,,
4.6,,
4.7,,
5.599999999999999,,
4.9,,
5.43,,
5.21,,
6.400000000000001,,
4.95,,
6.01,,
4.37,,
4.75,,
4.8,,
4.343333333333334,,
5.68,,
4.66,,
4.7,,
5.900000000000001,,
5.05,,
4.85,,
5.599999999999999,,
4.71,,
4.3,,
5.1,,
5.46,,
6.12,,
5.45,,
4.44,,
4.76,,
6.0,,
5.4125,,
4.65,,
,6.496666666666667,
6.68,,
4.7,,
5.77,,
4.82,,
4.7,,
5.2,,
5.65,,
5.5,,
4.8,,
7.62,,
4.41,,
6.1,,
,5.81,
4.64,,
6.0,,
4.92,,
4.6,,
4.85,,
4.35,,
5.29,4.57,
4.85,,
,7.37,
5.0,,
,5.1,
5.4,,
4.7,,
4.88,,
4.45,,
5.2,,
6.66,,
4.85,,
4.4,,
6.89,,
4.92,,
,,5.96
5.5,,
4.9,,
7.33,,
4.9,,
5.0,,
5.033333333333333,,
5.05,,
5.2,,
4.9,,
4.6,,
4.7,,
4.7,,
4.6,5.15,
6.3,,
4.8,,
5.4,,
7.15,,
5.400000000000001,,
4.6,,
4.5,,
4.9,,
5.89,,
5.3,,
5.3,,
4.9,,
4.8,,
5.734999999999999,,
,,5.42
5.1,,
5.400000000000001,,
6.05,,
5.7,,
,,9.47
5.599999999999999,,
5.3,,
5.83,,
5.54,,
7.0,,
4.8,,
5.0,,
5.93,,
5.2,,
4.645,,
,4.845,
5.13,,
,,5.47
4.8,,
7.22,,
5.1,,
4.37,,
4.9,,
5.599999999999999,,
,5.88,
5.3,,
4.85,,
4.6499999999999995,,
4.09,,
5.05,,
4.71,,
5.45,,
5.7,,
6.0,,
5.3,,
4.65,,
6.1,,
5.95,,
4.84,,
5.7,,
5.1,,
5.550000000000001,,
6.96,,
5.1,,
4.8,,
6.7,,
4.9,,
,4.22,6.07
5.9,,
5.3,,
5.400000000000001,,
4.8,,
6.5,,
5.2,,
5.85,,
4.87,,
4.95,,
6.7,,
4.9,,
5.66,,
4.89,,
6.62,,
,,6.81
5.46,,
4.8,,
5.05,,
,5.55,
4.9,,
4.75,,
4.65,,
5.4,,
6.15,,
5.55,,
4.8,,
4.9,,
5.75,,
4.85,,
5.15,,
5.5,,
4.9,,
4.9,,
4.8,,
5.599999999999999,,
4.75,,
5.4,,
5.0,,
4.55,,
5.2,,
,6.086666666666667,
5.42,,
4.7,,
5.400000000000001,,
4.9,,
4.9,,
5.400000000000001,,
5.47,,
5.96,,
5.4,,
5.1,,
5.5,,
4.85,,
5.0,,
4.6,,
5.420000000000001,,
5.16,,
5.3,,
6.3,,
5.5,,
5.16,,
5.2,,
4.57,,
5.1,,
4.75,,
4.32,,
4.97,,
5.4,,
4.6,,
4.7875,,
4.05,,
4.8,,
5.4,,
5.1,,
4.85,,
5.52,,
5.7,,
,,6.66
5.400000000000001,,
4.85,,
5.599999999999999,,
4.8,,
7.28,,
4.8,,
4.54,,
4.9,,
5.3,,
4.6,,
5.3,,
4.41,,
5.54,,
5.0,,
6.52,,
4.49,,
5.0,,
5.02,,
4.6,,
4.779999999999999,4.96,
4.300000000000001,,
5.9,,
4.9,,
5.36,,
,5.85,
4.9,,
,4.89,
4.7,,
6.9,,
5.5,,
4.85,,
5.8,,
5.085714285714286,,
5.599999999999999,,
4.28,,
4.9,,
,5.036666666666666,
4.86,,
5.11,,
5.45,,
4.82,,
4.5,,
5.3,,
4.75,,
,6.28,
4.6,,
6.3,,
,5.5,
4.9,,
4.85,,
6.11,,
4.5,,
4.9,,
5.0,,
4.5,,
5.400000000000001,,
8.82,,
5.28,,
4.5,,
4.9,,
6.599999999999999,,
5.400000000000001,,
4.85,,
,,4.0
,6.05,
4.8,,
4.9,,
4.5,,
5.0,,
4.9,,
4.8,,
5.35,,
5.55,,
5.92,,
4.9,,
7.1,,
4.85,,
4.732,,
5.400000000000001,,
4.8,,
6.27,,
5.599999999999999,,
5.900000000000001,,
,5.7,
,,8.7
6.55,,
5.5,,
5.3999999999999995,5.44,
6.05,,
5.9,,
5.5,,
5.0,,
5.3,,
5.400000000000001,,
4.85,,
5.5,,
4.97,,
4.2,,
4.9,,
4.67,,
5.2,,
,,5.59
4.95,,
4.4,,
4.8,,
4.8,,
4.5,,
4.8500000000000005,,
6.21,,
5.77,,
5.35,,
6.4350000000000005,,
5.2,,
4.32,,
4.5,,
4.82,,
4.8,,
4.5,,
4.75,,
4.45,,
4.9,,
5.65,,
4.6,,
4.9,,
6.75,,
5.4,,
4.5,4.779999999999999,
5.52,,
,6.17,
5.26,,
4.8,,
,4.9,
,5.785,
4.4,,
4.95,,
5.1,,
5.3,,
4.5,,
5.3,,
6.58,,
5.15,,
5.0,,
5.15,,
5.2,,
4.57,,
,5.175,
4.8,,
4.8,,
5.1,,
5.1,,
4.9,,
5.6,,
5.01,,
4.8,,
5.35,,
4.8,,
4.8,,
4.85,,
5.91,,
5.599999999999999,,
6.52,,
5.5,,
7.3,,
5.0,,
5.65,,
5.599999999999999,,
4.75,,
5.4,,
5.45,,
4.92,,
4.6,,
5.6,,
5.9,,
5.5,,
4.8,,
6.2,,
4.8,,
4.65,,
4.71,,
5.5,,
5.5,,
4.8,,
4.85,,
5.7,,
5.8,,
6.64,,
4.9,,
,,5.51
5.6,,
5.0,,
5.3,,
7.52,,
5.35,,
5.2,,
,,5.28
5.08,,
4.85,,
5.42,,
4.9,,
4.9,,
5.2,,
4.5,,
4.95,,
5.35,,
5.3,,
4.69,,
7.22,,
5.5,,
4.4,,
5.0,,
4.9,,
6.0,,
5.15,,
4.85,,
5.6,,
,4.11,
4.75,,
4.96,,
,5.0,
5.5,,
5.44,,
5.8,,
5.4,,
5.0,,
7.82,,
6.54,,
4.8,,
5.38,,
,,9.52
4.6,,
4.9,,
4.5,,
5.8,,
5.3,,
5.89,,
5.7,,
5.3,,
4.7,,
5.795,,
4.6,,
5.3,,
4.55,,
4.9,,
4.65,,
4.72,,
4.8,,
5.52,,
6.05,,
4.6,,
5.43,,
5.15,,
4.8,,
6.75,,
6.3,,
5.11,,
5.4,,
5.25,,
4.733333333333333,,
6.0,,
4.75,,
4.8,,
4.5,,
4.4,,
4.9,,
5.8,,
4.8,,
5.1,,
5.0,,
5.4,,
5.1,,
4.9,,
4.9,,
4.75,,
4.14,,
5.58,,
4.57,,
5.05,,
6.55,,
8.64,,
5.66,,
4.55,,
5.7,,
4.9,,
4.4,,
7.04,,
5.3,,
4.9,,
5.45,,
4.9,,
6.0,,
,,4.38
4.6,,
6.34,,
5.900000000000001,,
,,5.6
4.6,,
5.9,,
6.0,,
5.400000000000001,,
5.13,,
4.6,,
7.400000000000001,,
4.8,,
4.7,,
5.5,,
5.5,,
4.9,,
5.295,,
5.1,,
6.0,,
,,4.28
5.05,,
5.4,,
4.46,,
7.5,,
4.85,,
5.17,,
6.18,,
,5.08,
4.75,,
4.34,,
4.8,,
5.0,,
4.8,,
5.64,,
5.5,,
4.9,,
4.7725,,
4.9,,
4.7,,
6.06,,
6.095,,
5.8,,
6.0,,
5.38,,
5.400000000000001,,
5.15,,
4.97,,
5.95,,
4.5,,
5.4,,
5.599999999999999,,
4.92,,
7.06,,
4.716666666666666,,
4.9,,
5.1499999999999995,,
6.0,,
5.1,,
4.9,,
4.8,,
6.22,,
6.7,,
6.595,,
4.38,,
5.6,,
4.5,,
4.6,,
5.35,,
4.8500000000000005,,
5.0,,
4.8,,
6.15,,
7.52,,
5.72,,
5.400000000000001,,
4.6,,
4.5,,
5.0,,
4.43,,
6.1,,
5.38,,
5.599999999999999,,
,,6.7
4.8,,
5.4,,
5.0,,
4.3,,
6.13,,
4.85,,
5.0,,
5.5,,
4.8,,
,5.72,
5.1,,
4.8,,
4.57,,
5.16,,
5.2,,
5.900000000000001,,
5.1,,
5.3,,
5.42,,
,4.05,5.49
5.2,,
4.6,,
5.5,,
6.0,,
4.8,,
5.3500000000000005,,
4.8,,
4.92,,
5.3,,
4.8500000000000005,,
5.14,,
,5.1,
4.8,,
6.61,,
4.36,,
6.1,,
5.51,,
,,8.18
4.5,,
6.3,,
6.2,,
5.5,,
5.5,,
6.7,,
6.01,,
4.85,,
5.77,,
4.85,,
,5.92,
5.6,,
4.65,,
6.0,,
4.85,,
6.3,,
5.4,,
5.1,,
4.93,,
4.8,,
4.37,,
5.835,,
5.75,,
4.75,,
4.95,,
4.45,,
,6.35,
4.5,,
5.400000000000001,,
5.51,,
5.0,,
4.95,,
6.0,,
4.75,,
5.92,,
,4.13,
5.3,,
5.785,,
4.7,,
4.85,,
4.8,,
4.8,,
5.2,,
5.0,,
4.47,,
5.4,,
5.0,,
4.75,,
4.5,,
4.9,,
4.52,,
4.8,,
4.45,,
5.62,,
5.5,,
5.7,,
4.4,,
,5.89,
5.5,,
6.15,,
5.33,,
4.85,,
7.0,,
4.45,,
6.099999999999999,,
4.39,,
5.4,,
5.42,,
4.4,,
4.675,5.07,
4.96,,
4.9,,
5.0,,
4.4,,
5.5,,
4.57,,
4.6,,
6.4,,
5.95,,
4.7,,
4.58,,
5.16,,
4.45,,
4.86,,
5.5,,
7.1,,
,,7.6
4.6,,
5.05,,
4.92,,
5.1,,
5.65,,
6.0,,
4.65,,
5.24,,
5.25,,
4.38,,
5.5,,
5.869999999999999,,
4.7,,
5.400000000000001,,
5.55,,
4.5,,
4.5,,
4.8,,
4.4,,
4.7,,
5.8,,
4.95,,
4.7,,
4.6,,
6.2,,
7.0,,
4.8,,
5.4,,
5.1,,
5.4,,
4.8,,
6.0,,
4.4,,
4.89,,
5.0,,
5.3,,
5.0,,
4.7,,
6.4,,
4.7,,
4.85,,
5.3,,
5.48,,
4.89,,
5.15,,
5.77,,
4.7,,
5.900000000000001,,
5.0,,
,4.1,5.55
5.0,,
5.45,,
5.66,,
6.4,,
4.8,,
5.15,,
4.0,,
5.0,,
,5.47,
4.0,,
5.45,,
5.2,,
4.8,,
5.0,,
,,5.55
5.400000000000001,,
4.766666666666667,,
5.18,,
4.8,,
5.55,,
4.89,,
4.9,,
5.9,,
4.6,,
5.8,,
6.0,,
5.41,,
5.0,,
5.08,,
4.85,,
4.95,,
5.1,,
5.15,,
5.5,,
4.7,,
5.6,,
5.04,,
5.3,,
5.28,,
6.9,,
5.5,,
5.8,,
5.88,,
4.75,,
5.0,,
4.95,,
4.3,5.03,
5.6,,
4.7,,
,,6.7
5.2,,
4.8,,
5.45,,
5.45,,
5.8,,
6.2,,
4.9,,
4.9,,
5.77,,
5.400000000000001,,
5.3,,
4.5,,
5.0,,
4.27,,
5.400000000000001,,
6.099999999999999,,
4.7,,
4.8,,
5.2,,
4.6,,
4.65,,
5.91,,
5.0,,
5.46,,
4.8,,
5.1,,
5.3,,
5.45,,
5.1,,
5.599999999999999,,
4.9,,
4.8,,
5.0,,
4.6,,
5.4,,
4.04,,
4.7,,
5.7,,
5.0,,
6.31,,
4.9,,
4.0,,
6.0,,
5.73,,
4.8,,
4.55,,
5.15,,
4.6,,
4.72,,
4.9,,
5.0,,
4.85,,
,,4.88
4.4,,
5.35,,
4.19,,
5.5,,
4.85,,
5.88,,
6.0,,
4.65,,
4.9,,
4.8,,
5.6,,
4.65,,
4.11,,
6.24,,
5.5,,
5.42,,
,,4.85
5.2,,
5.08,,
4.7,,
4.65,,
5.1,,
5.05,,
5.3,,
4.96,,
4.9,,
5.7,,
5.1,,
4.9,,
4.9,,
5.2,,
5.1,,
4.9,,
5.5,,
5.14,,
6.35,,
4.5,,
5.0,,
4.8,,
5.52,,
5.96,,
4.9,,
5.85,,
6.72,,
5.72,,
5.400000000000001,,
6.16,,
4.5,,
4.71,,
5.19,,
4.6,,
5.088,,
4.5,,
4.6,,
5.9,,
,4.8,
5.92,,
4.4,,
5.22,,
4.8,,
5.1,,
4.3,,
4.8,,
5.35,,
5.15,,
5.5,,
5.46,,
4.85,,
5.12,,
4.9,,
5.5,,
4.85,,
5.7,,
5.2,,
4.7,,
6.0,,
5.599999999999999,,
5.7,,
4.9,,
4.85,,
5.45,,
5.41,,
5.57,,
5.4,,
5.35,,
5.85,,
4.85,,
6.05,,
4.8,,
4.8,,
4.7,,
5.3,,
5.599999999999999,,
5.0,,
4.6,,
5.6,,
5.4,,
4.85,,
7.06,,
5.5,,
4.8,,
5.45,,
4.8,,
5.6,,
,5.8,
,,11.0
5.8,,
5.21,,
4.8,,
5.0,,
4.8,,
4.9,,
5.29,,
5.5,,
6.15,,
4.9,,
5.85,,
5.45,,
4.8,,
5.7,,
4.5,,
4.9,,
5.11,,
4.6,,
5.400000000000001,,
4.8,,
,5.44,
6.62,,
4.64,,
4.85,,
,7.390000000000001,
6.0,,
4.8,,
5.96,,
4.85,,
6.3,,
,6.01,
6.0,,
5.1,,
4.8,,
,5.46,
5.4,,
5.4,,
5.25,,
5.5,,
4.9,,
5.5,,
4.6,,
4.96,,
5.06,,
4.92,,
5.3,,
4.8,,
5.15,,
5.0,,
4.9,,
4.9,,
5.400000000000001,,
,6.54,
4.7,,
5.0,,
5.0,,
4.5,,
4.85,,
5.3,,
4.8,,
4.8,,
5.11,,
6.33,,
5.1,,
5.5,,
4.7,,
5.85,,
5.400000000000001,,
4.885,,
4.6,,
4.8,,
5.3,,
5.7,,
5.900000000000001,,
4.6,,
5.3,,
5.7,,
7.55,,
5.900000000000001,,
5.5,,
5.0,,
6.8,,
4.78,,
4.85,,
5.35,,
5.5,,
6.52,,
4.6,,
4.8,,
5.1,,
5.900000000000001,,
7.1,,
4.96,,
4.8,,
4.6,,
5.5,,
6.0,,
5.484999999999999,,
4.9,,
5.725,,
5.5,,
6.0,,
,4.76,
4.4,,
4.5,,
6.5,,
4.4,,
7.06,,
6.975,,
5.01,,
5.05,,
4.95,,
4.55,,
4.7,,
5.8,,
5.4,,
6.87,,
5.1,,
5.0,,
5.39,,
5.5,,
4.57,,
4.5,,
6.16,,
5.5,,
5.5,,
4.75,,
7.66,,
4.31,,
5.400000000000001,,
5.5,,
4.8,,
4.6,,
5.2,,
5.095,,
8.2,,
4.9,,
6.6,,
5.89,,
6.0,,
,5.35,
4.7,,
4.8,,
4.95,,
5.5,,
4.41,,
4.8,,
4.6,,
6.3,,
6.4,,
4.6,,
4.75,,
5.1,,
5.2,,
6.3,,
4.29,,
4.9,,
5.8,,
4.9,,
5.9,,
6.25,,
4.55,,
5.4,,
4.95,,
5.33,,
5.300000000000001,,
,,4.07
5.7,,
5.205,,
5.4,,
4.85,,
5.2,,
5.5,,
4.85,,
4.92,,
5.0,,
5.5,,
6.08,,
5.25,,
4.92,,
,5.9,
6.05,,
4.72,,
4.6,,
4.7,,
5.05,,
6.099999999999999,,
,7.29,
5.1375,,
5.68,,
5.15,,
4.7,,
4.85,,
4.9,,
5.0,,
5.4,,
5.2,,
5.15,,
5.5,,
4.75,,
5.8,,
4.9,,
4.8,,
4.68,,
4.6,,
5.19,,
4.85,,
5.82,,
5.0,,
5.38,,
4.75,,
5.47,,
4.9,,
4.5,,
5.1,,
4.56,,
4.9,,
4.9,,
4.9,,
4.55,,
5.400000000000001,,
5.215,,
4.5,,
5.3,,
5.9,,
4.6,4.75,
4.7,,
5.0,,
5.0,,
5.0,,
6.0,,
5.52,,
6.0,,
4.9,,
5.1,,
6.1,,
5.400000000000001,,
5.08,,
4.8,,
4.8,,
5.400000000000001,,
4.8,,
5.7,,
8.25,,
4.9,,
4.86,,
8.85,,
5.7,,
4.4,,
4.9,,
6.599999999999999,,
5.7,,
6.1,,
4.85,,
4.8,,
5.23,,
,,5.78
4.4,,
4.8,,
6.1,,
4.85,,
5.0,,
7.01,,
,5.25,
4.85,,
5.3,,
5.3,,
5.0,,
6.05,,
4.96,,
4.6,,
5.4,,
,5.24,
4.8,,
5.82,,
6.85,,
5.1,,
4.8,,
,,4.98
4.85,,
5.85,,
4.9750000000000005,,
5.4,,
5.1,,
6.37,,
5.2,,
7.23326923076923,,
5.6,,
4.52,,
5.0,,
4.9,,
5.17,,
5.1,,
4.59,,
5.6,,
5.32,,
5.45,,
5.5,,
4.8,,
5.15,,
4.5,,
5.35,,
5.1,,
4.7,,
4.6,,
5.5,,
,4.77,
,,6.57
5.5,,
5.1,,
4.7,,
4.55,,
5.2,,
4.7,,
5.3500000000000005,,
5.1,,
5.3,,
4.8,,
4.9,,
6.66,,
5.15,,
4.785,,
4.8,,
6.0,,
4.85,,
4.8,,
4.39,,
5.4,,
5.72,,
4.5,,
5.400000000000001,,
4.890000000000001,,
5.19,,
5.5,,
4.8,,
4.4,,
4.85,,
5.8,,
4.85,,
5.6,,
5.7,,
6.3,,
9.3,,
4.87,,
5.05,,
4.8,,
,6.06,
6.82,,
4.9,,
4.8,,
,,5.275
4.8,,
5.55,,
5.0,,
4.3,,
6.36,,
4.85,,
5.400000000000001,,
5.491428571428571,,
4.5,,
5.5,,
4.8,,
4.9,,
5.55,,
4.6,,
5.033333333333334,,
4.6,,
4.8,,
6.4,,
4.29,,
4.6,,
5.2,,
,7.666666666666667,
5.6,,
,4.8,
5.0,,
5.3,,
5.16,,
6.14,,
6.5,,
5.0,,
4.88,,
5.2,,
4.9,,
5.05,,
4.4,,
,6.69,
5.1,,
5.2,,
4.55,,
5.5,,
5.5,,
4.7,,
4.5,,
5.45,,
,6.95,
5.0,,
5.57,,
5.04,,
5.8500000000000005,,
5.6,,
4.6,,
4.6,,
5.35,,
6.77,,
6.6,,
5.55,,
,5.9,
4.4,,
5.045,,
4.9,,
4.85,,
4.9,,
5.400000000000001,,
5.11,,
4.6,,
4.67,,
,5.22,
4.9,,
4.8,,
5.68,,
5.55,,
5.44,,
,4.705,8.22
4.6,,
4.95,,
5.095,4.6,
6.7,,
4.5,,
4.65,,
5.400000000000001,,
,5.28,
5.1,,
4.8,,
4.9,,
4.5,,
5.45,,
4.77,,
4.16,,
4.74,,
,5.96,
4.75,,
5.72,,
5.0,,
5.1,,
5.58,,
4.93,,
4.8,,
4.89,,
4.9,,
5.145,,
4.89,,
5.359999999999999,,
5.5,,
4.8,,
6.3,,
4.8,,
7.05,,
5.1,,
4.8,,
5.35,,
4.82,,
5.0,,
7.42,,
5.35,,
4.91,,
5.0,,
5.7,,
5.3,,
6.045,,
6.05,,
4.36,,
10.02,,
4.9,,
4.6,,
5.05,,
4.4,,
5.900000000000001,,
5.5,,
5.400000000000001,,
,4.785,
5.05,,
5.7,,
4.95,,
4.52,,
5.0,,
6.0,,
4.75,,
4.8,,
4.6,,
4.8,,
4.8,,
5.400000000000001,,
7.77,,
5.15,,
5.07,,
5.77,,
5.69,,
4.85,,
5.7,,
5.06,,
7.22,,
5.1,,
5.34,,
5.72,,
5.0,,
,5.52,
4.85,,
6.28,,
5.5,,
5.7,,
5.45,,
,5.89,
5.37,,
5.9,,
5.1,,
6.400000000000001,,
4.97,,
5.85,,
4.45,,
4.8,,
4.9,,
5.1,,
5.8,,
5.6,,
5.400000000000001,,
,5.85,
4.7,,
4.55,,
5.2,,
6.0,,
4.9,,
6.24,,
4.5,,
4.376666666666666,,
5.03,,
6.775,,
5.35,,
5.7,,
4.65,,
4.65,,
,4.55,
4.9,,
5.2,,
5.322,,
4.6,,
4.75,,
4.72,,
,4.97,
5.0,,
5.21,,
5.0,,
5.0,,
4.6,,
5.525,,
4.85,,
4.9,,
4.8,,
4.6,,
5.0200000000000005,,
4.76,,
5.25,,
5.8,,
5.3,,
5.400000000000001,,
5.15,,
4.44,,
4.8,,
5.77,,
4.65,,
5.8,,
5.0,,
7.38,,
4.5,,
6.4,,
5.56,,
6.16,,
4.6,,
4.8,,
5.45,,
,4.68,
4.55,,
5.52,,
6.0,,
5.2,,
4.52,,
4.8,,
4.85,,
7.400000000000001,,
,,5.55
5.5,,
5.599999999999999,,
5.3,,
4.9,,
4.7,,
5.2,,
4.5,,
,5.43,
6.43,,
6.85,,
4.6,,
4.4,,
4.8,,
5.45,,
4.8,,
4.9,,
4.6,,
5.05,,
6.05,,
5.52,,
4.6,,
4.8,,
4.5,,
5.74,,
5.400000000000001,,
6.05,,
5.35,,
4.85,,
4.8,,
5.1,,
6.75,,
,7.416666666666667,
5.4,,
6.5,,
4.6,,
4.8,,
4.95,,
4.82,,
7.0,,
4.9,,
4.4,,
5.1,,
5.9,,
5.1,,
5.4,,
4.55,,
4.6,,
4.85,,
5.5,,
4.95,,
4.9,,
5.9,,
5.9,,
4.72,,
4.0,,
4.75,,
5.3,,
4.6,,
4.65,,
6.0,,
5.1,,
5.5,,
5.7,,
5.15,,
5.03,,
5.95,,
5.0,,
4.9,,
4.66,,
5.45,,
5.44,,
4.6,,
5.3,,
5.0,,
6.2,,
7.099999999999999,,
5.1,,
5.5,,
4.75,,
4.6,,
5.52,,
6.3,,
4.7,,
5.0,,
5.1,,
6.0,,
4.9,,
5.1,,
5.8,,
4.89,,
5.3,,
4.95,,
4.3,,
5.45,,
,5.9399999999999995,
4.8,,
5.4,,
,4.975,
4.8,,
4.6,,
4.9,,
6.95,,
5.0,,
,5.17,
7.2,,
5.77,,
4.9,,
5.5,,
5.04,,
4.87,,
5.15,,
5.599999999999999,,
4.42,,
,4.97,
5.25,,
5.5,,
8.25,,
5.24,,
5.7,,
5.8,,
4.85,,
4.8,,
4.9,,
4.5,,
,5.32,
4.85,,
,,7.035
5.07,,
5.0,,
5.5,,
4.9,,
5.400000000000001,,
4.75,,
4.85,,
5.6,,
5.1,,
5.25,,
5.0,5.83,
4.5,,
5.96,,
4.65,,
5.6,,
5.68,,
4.85,,
5.89,,
4.85,,
4.95,,
5.0,,
4.6,,
,5.01,
4.85,,
4.8,,
6.2,,
4.6,,
5.1,,
5.4,,
5.1,,
5.0,,
5.5,,
5.66,,
5.1,,
4.9,,
4.85,,
4.9,,
4.7,,
5.45,,
5.8,,
,6.52,
5.85,,
4.9,,
4.7,,
5.5,,
4.41,,
5.2,,
4.8,,
5.55,,
4.79,,
5.4,,
4.85,,
4.85,,
5.05,,
5.3,,
5.8,,
4.83,,
6.19,,
5.1,,
5.5,,
6.0,,
4.9,,
5.4,,
4.7,,
5.0,,
5.5,,
6.900000000000001,,
4.6,,
5.0175,,
4.9,,
,4.82,
5.400000000000001,,
5.7,,
5.33,,
4.5,,
5.08,,
4.4,,
5.77,,
6.400000000000001,,
5.599999999999999,,
4.65,,
4.9,,
4.325,,
,7.446363636363636,
6.0,,
5.35,,
4.6,,
5.4,,
4.6,,
4.8,,
5.3,,
6.24,,
4.5,,
5.5,,
,5.28,
4.6,,
6.7,,
4.871428571428572,,
5.0,,
,7.8,
6.0,,
5.3,,
6.16,,
5.7,,
4.85,,
5.5,,
5.6,,
4.903333333333333,,
5.0,,
4.85,,
5.0,,
6.0,,
5.34,,
4.9,,
4.4,,
5.0,,
4.89,,
4.85,,
5.16,,
4.8,,
4.82,,
6.46,,
5.5,,
4.7,,
5.5,,
5.7,,
5.1,,
4.77,,
4.6,,
5.3,,
5.2,,
4.59,,
4.55,,
4.8,,
5.17,,
5.5,,
6.0,,
4.7,,
4.85,,
4.7,,
4.8,,
6.31,,
4.55,,
4.4,,
5.75,,
5.26,,
5.5,,
6.52,,
4.5,,
5.400000000000001,,
4.55,,
4.605,,
5.7,,
4.6,,
4.4,,
5.0,,
7.3,,
5.1,,
5.0,,
4.4,,
4.65,,
5.35,,
5.17,,
,,4.55
4.976666666666667,,
5.88,,
4.9,,
4.85,,
5.2,,
5.3999999999999995,,
4.5,,
6.2,,
5.8,,
5.15,,
5.9,,
6.0,,
4.62,,
,4.32,5.47
5.2,,
5.7,,
5.5,,
4.6,,
5.3,,
4.8,,
4.85,,
5.1,,
4.8,,
4.8,,
5.400000000000001,,
4.55,,
4.64,,
4.64,,
4.6,,
5.3,,
5.599999999999999,,
,,6.43
6.3,,
6.2,,
5.92,,
5.6,,
4.97,,
4.95,,
5.28,,
4.82,,
,4.75,
6.11,,
5.5,,
6.045,,
6.1,,
4.52,,
4.7,,
4.7,,
4.6,,
4.6,,
6.16,,
4.8500000000000005,,
5.599999999999999,,
4.87,,
4.4,,
4.89,,
4.85,,
4.89,,
4.01,,
5.66,,
5.2,,
6.05,,
5.2,,
4.95,,
6.39,,
5.3,,
6.099999999999999,,
5.5,,
5.65,,
4.65,,
5.5,,
5.03,,
5.15,,
4.7,,
5.400000000000001,,
5.400000000000001,,
,6.3,
,6.16,
5.3,,
4.96,,
6.900000000000001,,
4.6,,
8.4,,
5.85,,
4.92,,
4.9,,
5.05,,
4.4,,
5.75,,
5.2,,
4.54,,
4.9,,
4.9,,
4.85,,
4.8,,
4.4,,
4.4,,
4.9,,
4.8,,
4.115,,
9.99,,
4.75,,
5.54,,
5.4,,
4.7,,
5.28,,
5.55,,
4.9,,
4.8,,
4.9,,
5.45,,
5.44,,
5.1,,
5.66,,
4.9,,
6.19,,
5.68,,
4.8,,
4.8,,
,5.21,
5.2,,
,,5.93
4.8,,
4.02,,
6.099999999999999,,
7.7,,
4.8,,
4.6,,
5.8,,
5.4,,
5.3,,
4.9,,
4.97,,
5.8,,
4.8,,
5.4,,
5.82,,
6.82,,
4.68,,
4.4,,
5.1,,
6.14,,
4.55,,
5.77,,
5.62,,
5.0,,
4.8,,
5.05,,
6.7,,
4.65,,
6.85,,
5.1,,
4.6,,
5.400000000000001,,
4.55,,
,5.0,
,5.97,
5.25,,
5.675,,
4.6,,
5.0,,
5.0,,
,5.16,
5.5,,
8.19,,
5.7,,
5.0,,
4.95,,
4.9,4.6,
4.8,,
,6.13,
5.11,,
4.6,,
5.5,,
6.099999999999999,,
6.35,,
5.3,,
5.01,,
4.9,,
6.2,5.08,
4.54,,
4.9,,
4.8,,
4.4,,
4.9,,
5.45,,
4.6,,
5.89,,
4.8,,
4.65,,
4.95,,
6.0,,
5.95,,
4.8,,
5.25,,
4.8,,
,6.739999999999999,
5.15,,
4.65,,
6.7,,
4.4,,
5.52,,
4.75,,
4.65,,
5.1,,
5.3,,
5.166666666666667,,
5.1,,
5.400000000000001,,
5.35,,
5.7,,
4.55,,
5.900000000000001,,
5.45,,
5.0,,
4.7,,
4.8,,
4.75,,
5.0,,
4.9,,
5.55,,
4.27,,
4.9,,
5.05,,
4.85,,
5.5,,
4.7,,
4.9,,
4.7,,
6.24,,
5.35,,
5.5,,
7.1,,
4.75,,
5.2,,
5.55,,
4.9,,
,,7.3
5.599999999999999,,
4.72,,
4.85,,
6.0,,
4.54,,
5.15,,
6.05,,
5.1,,
6.9,,
7.0,,
5.0,,
6.4399999999999995,,
4.8,,
5.3,,
6.3,,
4.92,,
4.85,,
4.9,,
,4.3,
5.1,,
4.7,,
5.68,,
5.45,,
5.65,,
6.5,,
5.6,,
4.5,,
5.0,,
5.66,,
5.95,,
5.3,,
5.400000000000001,,
5.38,,
5.359999999999999,,
5.46,,
6.0,,
4.8,,
4.6,,
5.62,,
7.3,,
4.485,,
4.66,,
4.96,,
6.0,,
4.85,,
6.85,,
5.45,,
4.8,,
5.0,,
5.3500000000000005,,
4.85,,
4.95,,
4.8,,
4.5,,
4.4,,
4.7,,
4.8,,
6.099999999999999,,
4.9,,
,7.154999999999999,
6.21,,
4.55,,
5.5,,
5.8,,
5.89,,
4.85,,
6.2,,
5.4,,
5.900000000000001,,
4.8,,
4.7,,
5.16,,
4.7,,
4.4,,
4.7,,
4.7,,
6.0,,
5.1,,
4.785,,
5.7,,
5.58,,
4.12,,
5.05,,
5.3,,
5.3,,
6.1,,
4.6,,
5.400000000000001,,
6.57,,
5.15,,
5.79,,
4.75,,
5.29,,
,,9.36
5.55,,
4.85,,
4.85,,
5.3,,
4.9,,
4.8,,
5.01,,
6.73,,
5.85,,
4.66,,
,6.75,
,4.97,
5.4,,
5.3,,
6.4,,
4.85,,
5.5,,
4.93,,
4.55,,
5.89,,
4.55,,
4.85,,
5.0,,
4.55,,
4.4,,
4.58,,
4.6,,
5.08,,
4.66,,
4.03,,
5.195,,
5.0,,
5.5,,
4.5,,
5.16,,
6.0,,
5.5,,
4.7,,
5.52,,
5.900000000000001,,
5.5,,
5.35,,
4.68,,
4.44,,
5.3,,
4.3149999999999995,,
6.3,,
5.8,,
6.15,,
5.5,,
5.06,,
5.8,,
4.8,,
,4.75,
6.0,,
6.41,,
4.7,,
4.9,,
4.4,,
4.8,,
5.5,,
5.65,,
5.65,,
6.099999999999999,,
5.15,,
5.3,,
5.42,5.25,
5.400000000000001,,
5.5,,
4.8,,
4.46,,
6.16,,
4.65,,
4.85,,
6.29,,
4.7,,
5.7,,
5.35,,
6.3,,
4.31,,
7.25,,
5.2,,
6.5,,
4.95,,
4.77,,
,,5.75
5.47,,
4.4,,
5.3,,
4.7,,
5.1,,
4.6,,
4.81,,
,,7.82
4.6,,
5.6499999999999995,,
4.5,,
4.859999999999999,,
4.8,,
5.5,,
4.9,,
4.6,,
4.9,,
4.7,,
5.16,,
5.1,,
4.8,,
6.51,,
4.9,,
6.400000000000001,,
5.3,,
4.6,,
5.4,,
5.5,,
5.5,,
5.38,,
5.400000000000001,,
5.24,,
6.0,,
4.6,,
5.3,,
5.7,,
4.85,,
4.43,,
4.7,,
5.2,,
4.8,,
5.0,,
4.8,,
5.25,,
5.609999999999999,,
4.4,,
4.19,,
5.05,,
6.1,,
5.400000000000001,,
5.400000000000001,,
4.9,,
6.16,,
4.8,,
5.2,,
,,5.13
4.85,,
4.11,,
,5.523333333333333,
5.2,,
4.95,,
5.5,,
5.400000000000001,,
4.65,,
5.400000000000001,,
7.66,,
7.3,,
4.37,,
5.4,,
5.3,,
5.1,,
4.5,,
5.322222222222222,,
6.46,,
5.2,,
5.6,,
5.6,,
5.3,,
6.24,,
5.0,,
4.57,,
5.2,,
4.51,,
5.599999999999999,,
5.2,,
5.5,,
4.92,,
4.8,,
4.4,,
5.95,,
5.8,,
5.3,,
,,5.87
4.8,,
5.400000000000001,,
5.25,,
4.96,,
5.400000000000001,,
6.3,,
5.0,,
5.0,,
5.0,,
5.0,,
6.57,,
5.3,,
,6.36,
,,6.55
4.4,,
4.41,,
7.0,,
5.205,,
4.55,,
4.8,,
5.5600000000000005,,
5.8,,
4.4,,
4.85,,
5.51,,
5.4,,
5.1,,
5.1,,
5.55,,
6.45,,
4.85,,
5.9,,
,6.0,
4.95,,
5.43,,
5.7,,
6.400000000000001,,
4.91,,
5.15,,
4.965,,
5.95,,
4.92,,
4.7,,
4.896666666666667,,
5.85,,
4.86,,
5.400000000000001,,
5.599999999999999,,
5.5,,
,,5.19
4.4,,
4.9,,
5.4,,
,5.36,
,,6.93
4.8,,
5.0,,
4.8,,
5.475,,
5.52,,
5.4,,
4.7,,
5.16,,
5.7,,
,4.96,
4.8,,
5.35,,
5.19,,
5.44,,
4.9,,
4.38,,
4.71,,
5.599999999999999,,
5.5,,
6.3,,
6.92,,
,6.26,
4.8,,
4.8,,
5.35,,
5.8,,
5.89,,
4.7,,
5.5,,
5.400000000000001,,
5.0,,
4.8,,
6.16,,
4.5,,
5.66,,
6.05,,
5.25,,
5.0,,
8.35,,
5.1,,
4.8,,
4.7,,
7.04,,
4.04,,
5.19,,
5.1,,
5.03,,
6.3,,
6.0,,
4.85,,
5.400000000000001,,
5.5,,
5.47,,
4.5525,,
4.45,,
7.22,,
5.2,,
4.33,,
5.0,,
4.9,,
6.16,,
5.44,,
4.9,,
5.400000000000001,,
5.599999999999999,,
,,6.41
6.32,,
5.3,,
4.95,,
6.08,,
4.83,,
4.5,,
6.5,,
5.0,,
4.7,,
5.400000000000001,,
5.3,,
5.22,,
4.8,,
5.6825,,
4.55,,
4.45,,
,6.47,
5.2,,
5.14,,
5.895,,
4.77,,
4.5,,
5.900000000000001,,
4.755,,
5.01,,
4.35,,
,6.69,
5.5,,
,,7.26
5.66,,
4.65,,
4.4,,
5.9,,
4.5,,
4.8,,
4.9,,
,,5.33
5.37,,
5.65,,
5.5,,
4.9,,
4.9,,
4.6075,4.52,
5.34,,
4.62,,
5.400000000000001,,
4.4,,
5.1,,
5.400000000000001,,
5.4,,
4.51,,
6.4,,
4.7,,
4.89,,
5.85,,
4.9,,
5.14,,
4.95,,
4.8,,
4.85,,
,6.22,
5.0,,
5.599999999999999,,
5.4,,
5.47,,
6.8,,
4.9,,
4.9,,
4.8,,
4.85,,
4.7,,
5.1,,
6.19,,
5.55,,
5.77,,
4.85,,
6.4,,
5.3,,
5.1,,
5.3,,
6.05,,
5.15,,
4.5,,
4.5,,
5.5,,
5.5,,
5.05,,
4.8,,
4.8,,
5.3,,
4.8,,
4.55,,
,5.05,
5.08,5.05,
4.95,,
6.25,,
5.0,,
6.2,,
4.8,,
5.1,,
5.400000000000001,,
4.85,,
6.16,,
5.62,,
4.8,,
4.9,,
4.85,,
5.39,,
4.6,,
6.52,,
5.400000000000001,,
5.400000000000001,,
6.82,,
4.85,,
4.9,,
4.5,,
4.8,,
7.96,,
5.1,,
4.82,,
5.359999999999999,,
4.6,,
5.5,,
4.85,,
4.87,,
5.3,4.77,
5.3,,
5.1,,
4.9,,
5.76,,
5.0,,
7.3,,
4.13,,
6.22,,
5.135,,
5.2,,
5.5,,
4.66,,
5.4,,
6.1,,
6.5,,
5.35,,
5.7,,
4.85,,
4.5,,
6.46,,
4.9,,
5.3,,
4.75,,
4.8,,
7.28,,
,,5.0
4.95,,
4.54,,
4.95,,
4.8,,
4.8,,
,,5.38
4.6,,
4.8,,
5.8,,
5.28,,
6.599999999999999,,
5.32,,
4.6,,
4.6,,
4.8,,
4.9,,
5.2,,
5.0,,
5.65,,
5.25,,
5.45,,
,5.06,
5.3,,
4.5,,
5.0,,
4.9,,
6.0,,
4.8,,
7.0,,
4.4,,
4.85,,
4.34,,
5.22,,
4.885,,
6.32,,
5.5,,
4.65,,
4.85,,
4.7,,
4.73,,
5.05,,
4.7,,
5.38,,
4.7,,
,5.7,
4.96,,
5.35,,
6.24,,
4.85,,
4.85,,
5.1,,
4.6,,
5.14,4.7,
,,6.7
5.01,,
,6.4,
6.05,,
4.8,,
5.5,,
4.82,,
,,8.82
5.6,,
5.45,,
4.9,,
,5.77,
4.32,,
5.57,,
5.26,,
4.5,,
5.5,,
4.766666666666667,,
5.07,,
5.400000000000001,,
5.18,,
4.35,,
5.51,,
5.1,,
5.1,,
4.94,,
4.945,,
4.96,,
5.400000000000001,,
5.3,,
6.25,,
7.26,,
5.65,,
4.5,,
5.6,,
,5.44,
5.75,,
8.46,,
4.5,,
5.45,,
5.1,,
5.2,,
4.11,,
,4.79,
5.9,,
5.05,,
4.6,,
4.8,,
4.6,,
5.400000000000001,,
5.19,,
6.58,,
5.5,,
5.3,,
4.9,,
5.3,,
,5.44,
4.46,,
6.05,,
5.34,,
4.4,,
5.5,,
5.3,,
6.52,,
4.38,,
,5.89,
5.1,,
4.9,,
5.05,,
6.1,,
4.6,,
4.4,,
5.15,,
6.4,,
4.85,,
4.6,,
,6.58,
5.33,,
4.6,,
,7.44,
,5.829999999999999,
5.3,,
,5.22,
5.2,,
5.0,,
6.96,,
4.6,,
4.8,,
,,6.64
5.0,,
4.85,,
6.08,,
5.400000000000001,,
6.0,,
5.4,,
5.1,,
5.300000000000001,,
6.0,,
4.85,,
5.400000000000001,,
5.3,,
5.3,,
4.55,,
4.965,,
6.8,,
4.95,,
4.32,,
5.8,,
4.33,,
6.05,,
5.68,,
,6.47,
5.0,,
5.5,,
5.7,,
,,5.58
4.52,,
,5.28,
4.9,,
5.0,,
4.6,,
5.2,,
5.5,,
5.47,,
4.82,,
4.6,,
4.4,,
4.8,,
5.4,,
5.72,,
4.85,,
5.2,,
4.8,,
5.15,,
5.0,,
4.4,,
4.85,,
4.23,,
,6.109999999999999,
5.0,,
4.8,,
5.2,,
4.4,,
4.96,,
4.7,,
5.3,,
7.23,,
,,8.83
4.9,,
4.4,,
5.400000000000001,,
4.8,,
4.44,,
4.89,,
4.75,,
5.083333333333333,,
5.32,,
4.5,,
5.63,,
4.8,,
5.9,,
6.1,,
6.25,,
4.6,,
5.7,,
4.6,,
5.5,,
4.5,,
,,6.31
4.9,,
4.68,,
4.48,,
5.45,,
5.400000000000001,,
4.6,,
,4.03,5.17
4.9,,
5.4,,
,,7.65
4.7,,
4.5,,
4.6,,
5.0,,
5.1,,
7.0,,
4.82,,
5.400000000000001,,
5.3,,
7.45,,
5.2,,
5.400000000000001,,
5.25,,
4.9,,
4.8,,
,6.239999999999999,
4.85,,
5.900000000000001,,
,5.449999999999999,
4.9,,
4.55,,
4.8,,
6.1,,
4.42,,
6.2,,
5.25,,
4.9,,
7.82,,
4.55,,
6.52,,
5.5,,
5.0,,
4.6,,
5.599999999999999,,
4.8,,
4.9,,
6.51,,
4.81,,
4.95,,
8.52,,
4.66,,
,5.55,
5.8,,
5.0,,
4.6,,
4.6,,
6.9,,
4.5,,
6.5,,
5.4,,
6.66,,
5.3,,
4.85,,
4.966666666666666,,
5.7,,
6.2,,
4.9,,
5.1,,
4.6,,
5.5,,
6.045,,
5.8,,
4.6,,
5.35,,
,,5.48
4.6,,
5.900000000000001,,
5.05,,
4.65,,
5.15,,
5.47,,
5.0,,
5.0,,
4.5,,
5.5,,
4.85,,
4.4,,
5.72,,
4.4,,
6.52,,
5.19,,
4.45,,
4.9,,
5.97,,
5.8,,
5.12,,
4.95,,
5.1,,
5.2,,
4.75,,
4.88,,
4.6,,
4.8,,
4.8,,
5.32,,
5.05,,
4.77,,
5.52,,
5.18,,
,5.7,
6.05,,
4.82,,
5.1,,
4.9,,
7.4,,
4.6,,
4.8,,
4.7,,
5.6,,
5.05,,
,,7.6
6.35,,
4.9,,
4.8,,
4.8,,
5.3,,
4.7,,
6.15,,
5.5,,
4.6,,
4.5,,
4.5,,
4.95,,
5.400000000000001,,
4.95,,
5.9,,
5.3,,
5.400000000000001,,
5.7,,
5.0,,
4.85,,
4.5,,
4.0,,
5.65,,
4.75,,
4.85,,
5.0,,
4.7,,
5.599999999999999,,
4.6,,
5.366666666666667,,
5.12,,
4.8,,
5.7,,
5.0,,
4.8,,
5.55,,
5.95,,
5.4,,
4.53,,
5.5,,
4.91,,
6.99,,
4.44,,
6.89,,
,6.1,
4.8,,
4.8,,
4.85,,
4.3,,
5.08,,
5.165,,
4.75,,
4.96,,
5.3,,
4.85,,
5.4,,
4.9,,
5.7,,
5.55,,
5.8,,
4.4,,
4.82,,
5.4,,
5.400000000000001,,
4.5,,
5.28,,
5.400000000000001,,
4.85,,
4.5,,
5.05,,
4.95,,
5.65,,
4.9,,
7.0,,
5.55,,
5.0,,
5.5,,
4.6,,
,4.09,6.34
4.5,,
4.8,,
5.5,,
4.8,,
4.5,,
6.59,,
4.82,,
5.05,,
4.12,,
5.8,,
5.3,,
4.38,,
4.8,,
,6.72,
4.55,,
5.3,,
4.8,,
5.0,,
4.6,,
4.8,,
5.08,,
4.65,,
4.3,,
,5.17,
5.15,,
6.599999999999999,,
5.65,,
5.39,,
4.8,,
5.0,,
6.33,,
4.5,,
4.9,,
5.31,,
4.7,,
4.45,,
4.6,,
5.7,,
5.66,,
5.15,,
5.25,,
5.65,,
4.24,,
4.9,,
,,5.15
5.35,,
5.900000000000001,,
5.5,,
4.8,,
5.1,,
4.8,,
6.0,,
4.9,,
5.0,,
4.84,,
6.47,,
4.7,,
4.85,,
,5.62,
5.0,,
5.26,,
5.0,,
4.8,,
,7.26,
5.400000000000001,,
5.5,,
4.6,,
4.6,,
4.5,,
4.85,,
5.0,,
5.1,,
4.5,,
5.599999999999999,,
6.16,,
4.6,,
5.45,,
5.4,,
4.85,,
5.9,,
5.1,,
4.85,,
,5.58,
5.400000000000001,,
4.85,,
4.6,,
5.65,,
4.8,,
5.0,,
4.7,,
4.44,,
4.6,,
5.05,,
5.4,,
5.5,,
5.1,,
5.05,,
4.9,,
5.3,,
4.8,,
,,5.45
5.7,,
5.43,,
,,6.5
4.7,,
,,6.66
5.75,,
4.48,,
5.2,,
5.3,,
4.8,,
5.5,,
4.6,,
5.599999999999999,,
4.9,,
5.599999999999999,,
4.41,,
5.4,,
5.92,,
6.0,,
5.400000000000001,,
4.77,,
4.75,,
5.3,,
5.2,,
5.6,,
4.16,,
5.6,,
4.86,,
,5.58,
5.05,,
4.85,,
5.400000000000001,,
4.6,,
4.6,,
4.95,,
5.95,,
5.12,,
6.400000000000001,,
5.7,,
4.7,,
5.4,,
6.16,,
5.62,,
4.5,,
5.705,,
5.0,,
5.48,,
6.099999999999999,,
5.6,,
6.2,,
4.7,,
,4.5,
5.78,,
4.85,,
5.3,,
7.51,,
5.1,,
5.55,,
,,5.38
4.92,,
5.0,,
5.05,,
,,5.81
4.5,,
4.9,,
4.8,,
5.5,,
5.400000000000001,,
5.1,,
4.4,,
5.4,,
4.55,,
5.900000000000001,,
6.2,,
4.4,,
5.41,,
5.05,,
6.3,,
4.55,,
,6.64,
4.4,,
4.85,,
5.5,,
4.1,,
4.6,,
4.9,,
5.1,,
6.369999999999999,,
7.0,,
4.4,,
5.5,,
4.8,,
5.0,,
5.8,,
4.5,,
,5.835,
5.65,,
5.4,,
4.5,,
4.9,,
5.484999999999999,,
4.55,,
4.75,,
5.5,,
6.5,,
4.66,,
6.099999999999999,,
4.75,,
4.4,,
5.1,,
5.3,,
4.95,,
5.0,,
5.65,,
5.68,,
5.1,,
5.3,,
6.33,,
4.8,,
4.85,,
5.5,,
,,6.4075
6.0,,
4.96,,
4.8,,
4.8,,
4.85,,
4.9,,
4.6,,
4.65,,
5.19,,
5.5,,
4.8,,
4.7,,
5.9,,
6.14,,
4.7,,
6.0,,
4.85,,
4.8,,
4.4,,
5.2,,
4.8,,
5.14,,
5.81,,
6.96,,
4.75,,
7.48,,
5.0,,
4.77,,
5.3,,
6.36,,
4.4,,
4.9,,
5.1000000000000005,,
5.15,,
5.95,,
4.7,,
5.45,,
4.4,,
5.400000000000001,,
,4.949999999999999,
,,6.9350000000000005
4.6,,
,5.949999999999999,
4.85,,
6.0,,
7.4,,
6.29,,
5.3,,
5.0,,
5.0,,
4.9,,
4.85,,
,4.85,
4.85,,
5.16,,
5.09,,
5.1,,
5.599999999999999,,
5.05,,
4.9,,
,6.82,
5.3,,
5.65,,
5.400000000000001,,
6.09,,
,6.42,
5.400000000000001,,
6.005,,
4.8,,
4.9,,
4.55,,
4.8,,
5.45,,
5.0,,
5.52,,
4.95,,
4.68,,
4.38,,
5.03,,
5.3,,
5.5,,
5.2,,
5.4,,
4.8,,
4.135,,
4.85,,
4.8,,
5.45,,
4.4,,
5.65,,
5.0,,
4.8,,
4.7,,
4.7,,
5.72,,
7.0,,
4.55,,
5.5,,
5.7,,
4.75,,
5.1,,
,5.785,
6.7,,
7.5,,
4.855,,
4.55,,
5.400000000000001,,
5.35,,
6.42,,
5.55,,
4.71,,
5.4,,
5.1,,
4.8,,
4.4,,
5.2,,
4.65,,
4.65,,
4.5,,
4.9,,
4.42,5.39,
5.87,,
5.46,,
,6.285,
5.7,,
4.8,,
5.05,,
4.8,,
5.400000000000001,,
5.96,,
5.2,,
5.48,,
5.0,,
5.35,,
4.8,,
6.4,,
5.9,,
,,6.57
5.5,,
,,8.025
5.0,,
4.96,,
5.36,,
4.8,,
8.85,,
,,5.76
5.12,,
5.8,,
4.8,,
4.8,,
5.0,4.58,
4.82,,
4.4,,
6.0,,
5.0,,
4.6,,
4.95,,
5.2,,
5.04,,
4.6,,
4.8,,
6.44,,
5.4,,
,7.75,
5.45,,
6.3,,
4.8,,
5.8,,
4.8,,
5.1000000000000005,,
5.6,,
5.599999999999999,,
5.0,,
4.45,,
4.55,,
5.0,,
4.4,,
5.1,,
6.099999999999999,,
4.9,,
6.685,,
4.5,,
4.8,,
4.4,,
5.15,,
5.400000000000001,,
4.55,,
6.37,,
5.0,,
4.9,,
5.1,,
5.7,,
4.8,,
5.7,,
5.400000000000001,,
5.400000000000001,,
,5.48,
4.64,,
4.7,,
5.5,,
5.35,,
5.7,,
6.4,,
5.675,,
5.21,,
5.48,,
6.2,,
5.5,,
5.03,,
5.48,,
4.7,,
,7.7,
5.8,,
5.15,,
6.0,,
5.1,,
4.85,,
4.9,,
4.75,,
,6.550000000000001,
4.9,,
5.55,,
5.0,,
5.52,,
5.5,,
7.3,,
6.1,,
5.0,,
5.2,,
5.0,,
5.5,,
5.2,,
5.96,,
5.599999999999999,,
6.82,,
4.95,,
5.515000000000001,,
5.285,,
5.4,,
5.2,,
5.1,,
4.55,,
,,7.92
5.25,,
,,6.15
5.2,,
,,6.13
5.0,,
5.98,,
4.8,,
5.8,,
5.6,,
5.4,,
6.400000000000001,,
5.55,,
6.6,,
4.8,,
4.4,,
,5.19,
4.68,,
4.85,,
4.48,,
4.9,,
6.0,,
4.6,,
4.23,,
6.0,,
5.04,,
5.75,,
5.5,,
5.05,,
5.3,,
,5.72,
4.6,,
5.28,,
5.0,,
4.6,,
4.58,,
5.59,,
5.1,,
4.9,,
5.8,,
5.8,,
5.400000000000001,,
4.95,,
4.8,,
4.8,,
5.4,,
5.3,,
4.7,,
5.6,,
6.03,,
4.89,,
4.7,,
6.0,,
4.8,,
6.1,,
5.7,,
5.0,,
5.900000000000001,,
4.495,,
5.5,,
5.23,,
5.45,,
7.06,,
4.85,,
5.85,,
4.95,,
4.9,,
5.5,,
5.5,,
6.0,,
4.85,,
5.21,,
5.599999999999999,,
5.6,,
4.8,,
4.81,,
5.0,,
7.0,,
5.599999999999999,,
5.65,,
4.7,,
5.6,,
,4.82,
5.8,,
5.0625,,
5.3,,
4.9,,
5.2,,
5.32,,
4.64,,
5.400000000000001,,
5.42,,
5.0,,
4.77,,
4.9,,
4.6,,
5.7,,
5.25,,
5.15,,
5.1,,
4.85,,
6.16,,
5.0,,
5.85,,
,5.68,
5.203333333333333,,
5.46,,
4.64,,
4.8,,
6.2,,
5.45,,
4.609999999999999,5.23,
4.4,,
4.8,,
5.0,,
5.9,,
5.92,,
5.25,,
4.6,,
6.52,,
4.6,,
5.17,,
4.8,,
4.8,,
5.3,,
4.6,,
5.5,,
5.3,,
5.1,,
5.599999999999999,,
4.85,,
5.3,,
7.18,,
4.8,,
6.15,,
5.5,,
5.3,,
5.5,,
4.75,,
4.4,,
,,7.07
5.45,,
5.97,,
5.05,,
5.2,,
5.5,,
5.1,,
5.72,,
5.72,,
,6.9799999999999995,
6.62,,
5.3,,
5.1,,
6.0,,
7.099999999999999,,
5.1,,
4.6,,
4.9,,
4.4,,
4.34,,
4.95,,
4.55,,
4.8,,
6.7,,
5.275,,
4.9,,
4.95,,
5.05,,
5.400000000000001,,
6.1,,
4.8,,
,6.41,
7.16,,
4.51,,
4.68,,
5.199999999999999,,
5.1,,
5.98,,
,4.3,
6.7,,
5.3,,
4.9,,
5.48,,
4.8,,
4.65,,
6.0,,
4.8,,
,5.723333333333334,
5.3,,
4.77,,
6.0,,
5.1,,
6.45,,
5.48,,
5.04,,
5.4,,
4.0,,
5.4,,
4.5,,
5.12,,
,5.970000000000001,
5.17,,
5.21,,
5.4,,
5.0,,
4.8,,
5.11,,
4.7,,
4.65,,
4.96,,
5.3,,
,6.3933333333333335,
5.400000000000001,,
4.66,,
,5.855,
4.9,,
5.2,,
5.35,,
,6.683333333333334,
4.9,,
5.2,,
6.15,,
5.0,,
7.21,,
4.8,,
4.48,,
,5.775,
5.400000000000001,,
5.8,,
,,5.37
4.6,,
4.55,,
4.9,,
,,9.41
5.8,,
4.9,,
4.65,,
5.244999999999999,,
5.9,,
5.75,,
7.26,,
5.765,,
4.4,,
4.75,,
5.17,,
5.5,,
4.95,,
5.1,,
5.26,,
4.5,,
7.01,5.625,
6.1,,
5.55,,
4.27,,
5.2,,
5.38,,
4.4,,
5.15,,
5.900000000000001,,
5.900000000000001,,
5.0,,
5.65,,
,4.73,
,,6.43
4.9,,
6.45,,
4.42,,
5.400000000000001,,
5.72,,
5.02,,
4.71,,
5.400000000000001,,
4.8,,
4.6,,
,6.31,
4.5,,
6.4,,
6.4,,
4.6,,
5.45,,
5.599999999999999,,
4.8,,
6.4,,
4.8,,
4.85,,
4.5,,
4.6,,
5.0,,
5.3,,
5.7,,
4.95,,
5.22,,
4.85,,
5.400000000000001,,
5.9,,
5.2,,
5.400000000000001,,
6.1,,
4.9,,
5.35,,
5.2,,
4.6,,
5.9,,
5.4,,
4.75,,
5.0,,
5.400000000000001,,
5.7,,
5.82,,
5.8,,
5.19,,
,6.695,
,4.56,
4.31,,
5.05,,
,6.62,
5.3,,
5.900000000000001,,
5.3,,
4.65,,
4.8,,
5.3,,
6.39,,
5.0,,
5.0,,
5.3,,
4.6,,
4.915,,
4.8,,
4.9,,
5.8,,
5.0,,
4.9,,
4.34,,
4.8,,
5.5,,
4.5,,
4.5,,
5.55,,
5.2,,
4.26,,
,4.76,
5.5,,
5.13,,
5.599999999999999,,
4.9,,
5.35,,
5.58,,
5.5,,
4.8,,
6.7,,
5.599999999999999,,
4.3,,
4.4,,
6.1,,
4.21,,
6.7,,
5.37,,
4.8,,
4.7,,
,,7.1
4.8,,
7.529999999999999,,
5.599999999999999,,
5.5,,
4.75,,
4.79,,
4.7775,,
5.400000000000001,,
,5.96,
4.7,,
5.12,,
5.1,,
6.0,,
4.6,,
4.5,,
6.4,,
4.16,,
4.4,,
4.65,,
7.4,,
4.46,,
5.5,,
4.8,,
4.8,,
6.89,,
5.1,,
6.099999999999999,,
5.25,,
5.16,,
4.4,,
4.9,,
7.1,,
4.9,,
4.75,,
4.56,,
5.28,,
5.05,,
4.9,,
4.85,,
4.8,,
5.465,,
5.0,,
5.1,,
6.16,,
4.85,,
4.9,,
5.4,,
,6.24,
,6.22,
,,6.89
5.8,,
4.37,,
,6.59,
5.1,,
4.92,,
5.5,,
5.22,,
4.8,,
6.7,,
4.5,,
4.9,,
5.12,,
4.6,,
4.4,,
5.1,,
5.1,,
6.11,,
5.475,,
5.1,,
4.8,,
5.64,,
7.52,,
5.46,,
5.599999999999999,,
5.400000000000001,,
5.2,,
5.1,,
5.15,,
5.58,,
5.8,,
5.7,,
5.15,,
4.54,,
4.8,,
5.1,,
5.4,,
5.45,,
6.1,,
5.1,,
6.69,5.555,
5.8,,
5.45,,
4.7,,
6.3,,
6.4,,
5.5,,
5.15,,
5.15,,
4.9,,
4.6,,
6.18,,
5.3,,
4.75,,
5.82,,
4.78,,
5.400000000000001,,
7.900000000000001,,
5.3,,
5.7,,
7.34,,
4.8,,
5.2,,
4.5,,
5.99,,
5.34,,
5.0,,
5.75,,
5.5,,
4.8,,
5.07,,
6.0,,
5.1,,
5.1,,
,5.11,
5.0,,
5.0,,
5.3,,
5.28,,
4.8,,
4.9,,
4.85,,
4.9,,
5.2,,
5.28,,
6.3,,
5.8,,
5.400000000000001,,
5.2,,
,6.03,
4.8,,
4.9,,
4.8,,
4.8,,
4.52,,
5.05,,
4.6,,
5.1,,
4.6,,
4.6,,
7.37,,
6.2,,
5.2,,
5.58,,
5.15,,
5.5,,
,4.13,5.74
5.3,,
4.9,,
,4.89,
4.9,,
4.8,,
6.0,,
,,6.0
4.85,,
4.6,,
4.4,,
,6.57,
4.9,,
5.29,,
5.1,,
4.52,,
6.7,,
5.45,,
5.2,,
4.5,,
6.2,,
5.275,,
5.4,,
,,6.23
7.12,,
7.52,,
6.099999999999999,,
4.8,,
4.8,,
4.09,,
4.6,,
4.9,,
6.87,,
5.59,,
5.400000000000001,,
4.7,,
4.9,,
8.4,,
6.099999999999999,,
5.5,,
5.45,,
4.4,,
5.98,,
5.3,,
5.2,,
4.85,,
5.400000000000001,,
4.6,,
5.900000000000001,,
6.099999999999999,,
5.2,,
5.7,,
5.65,,
4.9,,
5.3,,
4.85,,
5.1,,
5.599999999999999,,
,,5.96
5.6,,
6.0,,
5.5,,
,4.64,
5.0,,
5.2,,
4.55,,
5.1,,
4.96,,
5.4,,
5.400000000000001,,
6.05,,
5.5,,
4.85,,
5.1,4.8,
5.19,,
4.9,,
4.85,,
4.87,,
6.0,,
5.22,,
4.68,,
4.8,,
4.7,,
5.64,,
5.32,,
5.400000000000001,,
5.900000000000001,,
5.0,,
5.96,,
4.859999999999999,,
5.8,,
5.5,,
4.8,,
4.8,,
,6.195,
4.7,,
5.24,,
5.26,,
,,5.29
5.400000000000001,,
4.17,,
5.0,,
4.95,,
4.6,,
5.400000000000001,,
5.900000000000001,,
,5.12,
,,6.35
6.0,,
5.5,,
4.6,,
6.734999999999999,,
5.89,,
5.3,,
5.2,,
4.7,,
4.06,,
5.0,,
5.5,,
5.52,,
5.6,,
4.8,,
5.400000000000001,,
4.5,,
5.1,,
4.92,,
6.0,,
4.85,,
4.44,,
4.8,,
5.65,,
6.0,,
4.9,,
4.9,,
6.1,,
4.58,,
,6.545,
4.7,,
5.400000000000001,,
5.1,,
4.89,,
5.1,,
4.8,,
4.95,,
4.9,,
5.6,,
5.5,,
,5.31,
4.85,,
6.0,,
5.748333333333334,,
4.6,,
5.3,,
4.75,,
5.3,,
4.8,,
5.400000000000001,,
5.49,,
5.3,,
4.5,,
5.47,,
4.6,,
5.1,,
4.85,,
,6.65,
5.400000000000001,,
6.3,,
5.400000000000001,,
4.9,,
5.1,,
6.2,,
5.0,,
5.1,,
6.83,,
5.05,,
,5.3,
5.96,,
4.62,,
4.8,,
,7.8,
4.0,,
5.400000000000001,,
5.3,,
,,8.02
5.72,,
4.6,,
6.0,,
5.52,,
5.05,,
5.8,,
5.8,,
5.5,,
4.9,,
4.5,,
4.95,,
5.95,,
7.3,,
6.0,,
5.4,,
5.599999999999999,,
5.05,,
5.44,,
4.5,,
5.3,,
5.1,,
4.96,,
5.7,,
5.08,,
5.0,,
5.2,,
4.9,,
4.8,,
6.85,,
8.0,,
,5.22,
5.6,,
4.8,,
6.0,,
,6.13,
5.900000000000001,,
5.2,,
4.8,,
4.66,,
5.2,,
,4.79,
4.52,,
5.5,,
5.900000000000001,,
5.654999999999999,,
5.599999999999999,,
4.4,,
5.61,,
5.165,,
,,5.83
4.6,,
5.9,,
4.7,,
5.26,,
5.3,,
4.8,,
5.400000000000001,,
5.8,,
5.5,,
5.3,,
4.8,,
4.5,,
4.9,,
6.2,,
6.48,,
5.55,,
5.25,,
4.9,,
5.400000000000001,,
5.6,,
4.7,,
6.22,,
5.599999999999999,,
5.75,,
5.0,,
4.55,,
5.1,,
9.0,,
,5.32,
5.75,,
5.34,,
4.75,,
5.5,,
6.15,,
,5.68,
,5.99,
4.746666666666667,,
4.65,,
5.37,,
,6.24,
5.599999999999999,,
5.400000000000001,,
6.5,,
5.8,,
,6.09,
4.85,,
4.95,,
4.4,,
4.75,,
4.6,,
,6.66,
4.8,,
5.12,,
4.95,,
,6.38,
4.8,,
5.8,,
5.0,,
5.1,,
4.18,,
4.7,,
4.75,,
5.5,,
5.7,,
5.1,,
4.7,,
6.68,,
,4.6,
4.7,,
5.15,,
7.3,,
6.400000000000001,,
5.25,,
5.35,,
,,5.8
5.0,,
5.5,,
5.0,,
5.8,,
4.6,,
4.69,,
9.1,,
5.5,,
5.05,,
5.1,,
5.5,,
5.5,,
5.11,,
5.7,,
5.599999999999999,,
4.8,,
5.4,,
,,6.0
4.54,,
5.8,,
5.400000000000001,,
5.0,,
5.64,,
4.87,,
4.19,,
4.62,,
6.2,,
4.0,,
6.2,,
4.75,,
5.0,,
4.6,,
4.9,,
7.0,,
5.55,,
4.405,,
4.4,,
4.95,,
5.0,,
5.0,,
8.7,,
,,6.2
5.7,,
4.9,,
4.9,,
6.5,,
4.9,,
4.7,,
5.4,,
4.85,,
4.85,,
5.55,,
5.1,,
6.099999999999999,,
6.36,,
4.8,,
5.0,,
5.9,,
4.945,,
5.5,,
8.62,,
4.85,,
5.35,,
5.45,,
5.12,,
4.65,,
5.1,,
5.89,,
5.875,,
5.1,,
4.6,,
5.16,,
4.9,,
6.48,,
6.7,,
4.7,,
4.8,,
4.6,,
4.7,,
4.85,,
4.9,,
5.400000000000001,,
5.12,,
5.3,,
5.3,,
5.7,,
5.72,,
5.22,,
4.7,,
4.6,,
4.5,,
6.073333333333333,,
4.8,,
5.3,,
5.15,,
4.8,,
4.85,,
4.6,,
4.8,,
4.96,,
4.8,,
4.95,,
6.328,5.7,
5.21,,
4.75,,
4.7,,
5.3,,
4.8,,
,6.0,
4.95,,
5.8,,
5.400000000000001,,
4.8,,
5.3,,
6.46,,
4.76,,
5.0,,
5.25,,
5.75,,
5.4,,
5.35,,
5.45,,
5.2,,
6.05,,
4.5,,
5.1,,
6.05,,
5.2,,
6.52,,
,5.405,
6.0,,
6.099999999999999,,
5.85,,
4.7,,
6.7,,
4.6,,
5.7,,
4.8,5.45,
5.0,,
5.35,,
8.15,,
5.3,,
5.2,,
5.82,,
4.6,,
5.400000000000001,,
4.37,,
5.5,,
,5.06,
5.2,,
4.72,,
,4.775,
4.8,,
5.92,,
,5.3,
4.88,,
4.65,,
5.15,,
5.0,,
5.400000000000001,,
4.85,,
5.0,,
4.95,,
6.15,,
4.8,4.92,
6.7,,
4.89,,
5.35,,
4.66,,
5.1,,
6.1,,
6.89,,
4.8,,
5.400000000000001,,
5.428571428571429,,
5.599999999999999,,
5.9,,
6.0,,
,5.43,
5.55,,
6.0,,
5.28,,
5.400000000000001,,
5.2,,
5.75,6.21,
4.6,,
4.7,,
5.1,,
5.17,,
5.5,,
5.400000000000001,,
4.9,,
4.55,,
6.0,,
5.400000000000001,,
5.8,,
,5.04,
5.3,,
6.33,,
5.11,,
4.77,,
5.7,,
5.15,,
,4.82,
4.85,,
5.75,,
,5.9,
6.525,,
4.85,,
4.6,,
5.1,,
6.89,,
6.2,,
5.0,,
5.95,,
5.3,,
4.58,,
5.74,,
4.8,,
5.8,,
5.2,,
4.5,,
5.2,,
5.5,,
4.85,,
4.6,,
,6.36,
4.720000000000001,,
5.5,,
6.16,,
6.4,,
4.987500000000001,,
4.5,,
5.77,,
4.8500000000000005,,
5.55,,
5.5,,
5.1,,
5.8,,
5.15,,
4.8,,
4.7,,
4.85,,
4.9,,
7.06,,
5.4,,
6.2,,
4.9,,
4.7,,
5.2,,
4.85,,
4.8,,
5.1,,
4.29,,
4.35,,
,6.3,
5.400000000000001,,
4.9,,
,5.38,
5.89,,
5.7,,
5.6,,
4.4,,
5.359999999999999,,
4.5,,
5.45,,
5.25,,
4.9,,
5.3,,
4.6,,
5.55,,
5.89,,
5.7,,
,,5.87
4.7,,
6.2,,
4.62,,
4.5,,
5.33,,
7.08,,
5.8,,
4.8,,
5.4,,
,5.44,
4.85,,
4.9,,
5.3,,
5.9,,
5.599999999999999,,
4.9,,
5.0,,
4.4,,
4.8,,
5.09,,
4.6,,
,7.3,
5.45,,
4.85,,
4.07,,
4.9,,
5.65,,
4.4,,
5.14,,
6.6,,
6.099999999999999,,
4.6,,
5.4,,
,,4.9
5.5,,
4.8,,
5.4,,
6.14,,
4.8,,
5.0,,
6.3,,
6.16,,
6.22,,
4.85,,
5.3,,
4.4,,
5.96,,
5.0,,
4.8,,
,6.4433333333333325,
5.7,,
4.6,,
5.72,,
4.55,,
5.0,,
6.28,,
5.03,,
4.85,,
,5.75,
4.8,,
5.0,,
5.0,,
5.85,,
5.3500000000000005,,
,6.11,
4.55,,
5.12,,
5.26,,
5.5,,
4.9,,
5.5,,
4.5,,
5.0,,
6.1,,
4.8,,
5.1,,
4.8,,
5.6,,
5.35,,
6.400000000000001,,
4.6,,
6.05,,
4.8,,
5.1,,
4.75,,
5.15,,
,,7.08
,5.29,
4.85,,
4.8,,
5.66,,
7.47,,
5.5,,
4.75,,
7.58,,
5.54,,
6.07,,
5.18,,
5.45,,
4.4,,
5.3,,
4.9,,
6.64,,
5.12,,
4.21,,
5.4,,
5.0,,
4.85,,
4.33,,
5.8,,
5.66,,
5.9,,
4.6,,
4.9,,
,4.58,
4.06,,
5.45,,
4.75,,
4.65,,
4.9,,
5.28,,
,6.666666666666667,
4.85,,
4.6,,
5.3,,
4.7,,
5.0,,
6.0,,
5.5,,
4.4,,
5.400000000000001,,
6.0,,
5.58,,
5.599999999999999,,
4.95,,
4.9,,
5.15,,
5.15,,
4.65,,
4.5,,
4.75,,
5.3,,
6.25,,
4.7,,
5.4,,
4.7,,
4.85,,
4.4,4.595000000000001,
5.44,,
5.15,,
4.85,,
4.75,,
,6.03,
5.3,,
5.2,,
5.2,,
4.95,,
4.9,,
5.400000000000001,,
5.900000000000001,,
4.739999999999999,,
5.05,,
4.52,,
6.0,,
5.2,,
4.95,,
4.7,,
4.6,,
5.0,,
4.8,,
4.05,,
5.400000000000001,,
5.400000000000001,,
4.7,,
5.74,,
5.6,,
5.3999999999999995,,
,5.25,
5.1,,
6.4,,
7.05,,
5.5,,
4.6,,
,,6.54
5.5,,
4.19,,
5.4,,
8.893333333333333,,
4.9,,
5.17,,
5.1,,
4.52,,
4.7,,
5.75,,
4.8,,
5.55,,
4.8,,
5.0,,
4.9,,
4.9,,
4.55,,
6.099999999999999,,
4.44,,
5.43,,
5.28,,
4.96,,
5.6,,
4.413333333333333,,
,4.99,
5.0,,
4.58,,
4.7,,
6.3,,
4.795,,
5.4,,
4.75,,
4.6,,
4.5,,
5.28,,
5.3,,
5.9,,
5.0,5.43,
,4.66,
4.82,,
5.55,,
6.57,,
5.06,,
4.9,,
4.6,,
5.2,,
4.65,,
5.2,,
4.8,,
8.493333333333334,,
5.599999999999999,,
5.35,,
5.18,,
4.8,,
5.5,,
6.51,,
5.7,,
4.9,,
4.9,,
6.01,,
4.8,,
6.45,,
5.715,,
5.4,,
,4.96,
5.07,,
4.6,,
4.9,,
5.82,,
4.72,,
5.72,,
6.099999999999999,,
4.7,,
5.25,,
5.1,,
4.85,,
4.6,,
4.95,,
5.7,,
5.5,,
4.4,,
4.9,,
4.45,,
5.27,,
5.54,,
5.599999999999999,,
,6.56,
5.1,,
5.31,,
,4.5,
5.0,,
5.57,,
5.4,,
5.1,,
4.95,,
6.615,,
4.8100000000000005,,
5.69,,
4.8,,
4.6,,
5.58,,
4.52,,
4.5,,
5.7375,,
4.97,,
5.5,,
4.8,,
4.9,,
5.4,,
6.77,,
4.75,,
4.89,,
5.400000000000001,,
,6.04,
5.1,,
,4.42,6.32
6.1,,
5.4,,
5.41,,
5.3,,
4.08,,
4.6,,
5.0,,
4.9,,
6.48,,
5.1,,
4.8,,
6.05,,
5.07,,
5.8100000000000005,,
4.4,,
5.05,,
6.7,,
4.5,,
5.52,,
5.400000000000001,,
4.85,,
4.7,,
5.2,,
5.55,,
,6.0,
4.64,,
,6.6,
5.5,,
5.3,,
4.22,,
4.69,,
5.1,,
4.7,,
4.72,,
5.2,,
5.8,,
4.8,,
5.16,,
5.05,,
6.57,,
5.11,,
5.5,,
5.400000000000001,,
4.7,,
4.45,,
5.5,,
4.9,,
4.785,,
5.82,,
5.3,,
4.9,,
4.8,,
4.75,,
5.8149999999999995,,
5.05,,
5.3,,
6.27,,
4.95,,
4.9,,
5.1,,
4.9,,
5.5,,
4.6,,
5.89,,
4.35,,
5.55,,
6.0,,
5.2,,
5.13,,
5.95,,
5.0600000000000005,,
5.400000000000001,,
4.8,,
5.74,,
5.5,,
4.8,,
4.8,,
5.3,,
6.099999999999999,,
4.85,,
5.3,,
4.5,,
4.7,,
,4.82,
5.4,,
5.0249999999999995,,
5.1,,
4.96,,
4.4,,
5.5,,
5.23,,
6.0,,
5.85,,
5.1,,
4.85,,
5.2,,
4.85,,
6.099999999999999,,
5.54,,
8.33,,
4.6,,
4.9,,
5.68,,
4.4,,
4.8,,
4.6,,
,5.7,
,,6.01
5.5,,
5.15,,
4.9,,
5.28,,
4.8,,
4.6,,
6.46,,
5.54,,
5.0,,
4.5,,
5.3,,
4.5,,
,5.966666666666666,
5.3,,
5.85,,
5.81,,
4.95,,
6.599999999999999,,
4.75,,
5.61,,
5.17,,
5.400000000000001,,
4.5,,
4.5,,
5.45,,
4.7,,
4.65,,
5.0,,
4.4,,
6.0,,
4.5,,
4.8,,
4.9,,
5.25,,
4.95,,
7.1,,
4.5,,
4.6,,
4.26,,
5.400000000000001,,
4.8,,
4.8,,
6.2,,
6.5,,
6.1,,
5.66,,
4.85,,
5.6,,
5.1,,
6.099999999999999,,
5.0,,
4.95,,
,6.82,
5.45,,
5.5,,
5.1,,
5.5,,
5.0,,
5.2,,
5.4,,
4.8,,
5.65,,
5.85,,
5.3,,
4.6,,
,5.34,
5.55,,
4.75,,
5.5,,
4.8,,
,4.683333333333334,
5.400000000000001,,
5.4,,
,5.88,
4.8,,
5.45,,
4.85,,
4.9,,
6.05,,
5.6,,
6.695,,
4.5,,
7.64,,
5.85,,
4.7,,
5.3,,
5.7,,
,5.7,
6.89,,
4.8,,
5.400000000000001,,
5.8,,
4.5,,
4.5,,
4.24,,
4.5,,
4.96,,
4.55,,
4.89,,
4.5,,
4.8,,
6.2,,
5.7,,
4.6,,
4.92,,
5.400000000000001,,
4.6,,
5.5,,
5.2,,
4.8,,
4.6,,
5.46,,
5.44,,
5.5,,
5.0,,
5.4,,
6.380000000000001,,
5.8,,
5.17,,
4.9,,
5.19,,
4.9,,
5.25,,
4.88,,
5.5,,
5.8,,
4.9,,
6.3,,
5.24,,
5.5,,
5.42,,
4.6,,
5.4,,
4.85,,
4.5,,
5.4,,
5.3,,
,4.55,
5.900000000000001,,
7.28,,
,8.0,
5.0,,
4.8,,
6.31,,
5.45,,
4.8,,
6.900000000000001,,
6.0,,
4.6,,
5.37,,
5.65,,
5.15,,
5.400000000000001,,
4.7,,
4.4,,
5.2,,
6.05,,
5.4,,
5.2,,
5.7,,
5.4,,
4.9,,
4.85,,
5.5,,
7.46,,
4.9,,
4.8,,
5.0,,
4.8,,
4.42,,
,4.89,
4.6,,
,,7.81
4.75,,
5.4,4.873333333333334,
4.4,,
5.1,,
5.2,,
5.15,,
4.9,,
5.400000000000001,,
4.5,,
4.4,,
,,4.6
5.05,,
4.95,,
5.1,,
5.8,,
4.9,,
4.6,,
5.55,,
,5.17,
5.5,,
5.08,,
5.1,,
4.5,,
5.42,,
5.0,,
6.31,,
5.09,,
4.6,,
5.6,,
4.55,,
5.69,,
8.3,,
5.4,,
4.9,,
4.4,,
,,9.72
4.8,,
4.9,,
5.3,,
4.85,,
5.1,,
4.95,,
4.6,,
4.9,,
4.85,,
5.5,,
5.15,,
5.05,,
5.15,,
4.7,,
4.6,,
4.9,,
,8.1,
5.5,,
5.22,,
4.6,,
4.7,,
4.55,,
6.57,,
4.9,,
5.19,,
,4.33,
4.8,,
,4.12,5.25
5.55,,
4.8,,
,5.63,
,,6.2
5.45,,
5.29,,
5.0,,
6.9,,
,7.76,
4.7,,
5.3,,
5.65,,
4.9,,
4.8,,
5.5,,
5.3,,
5.400000000000001,,
,,5.39
5.09,,
5.8,,
,,7.94
4.9,,
4.9,,
4.85,,
6.0,,
5.599999999999999,,
4.9,,
5.55,,
5.6,,
4.665,,
4.8,,
5.6,,
4.65,,
4.95,,
5.17,,
5.5,,
4.43,,
7.41,,
6.0,,
4.8,,
5.23,,
4.6,,
5.5,,
4.6,,
6.16,,
4.55,,
5.4,,
5.95,,
4.9,,
5.0,,
4.85,,
4.905,,
4.5,,
6.1,,
5.7,,
4.95,,
4.4,,
5.900000000000001,,
5.3500000000000005,,
4.4,,
5.1,,
4.6,,
5.0,,
4.9,,
5.7,,
5.400000000000001,,
4.19,,
4.75,,
4.65,,
4.52,,
5.66,,
4.77,,
5.5,,
4.9,,
4.75,,
5.0,,
4.65,,
4.6,,
5.25,,
5.3,,
6.92,,
5.4,,
4.7,,
4.85,,
4.33,,
4.75,,
5.15,,
5.400000000000001,,
4.5,,
5.2,,
4.9,,
4.8,,
4.9,,
5.5,,
4.9,,
6.2,,
5.9,,
4.71,,
4.833333333333333,,
5.96,,
,5.7,
4.69,,
5.45,,
4.8,,
4.4,,
5.82,,
5.4,,
4.8,,
5.8,,
4.73,,
5.2,,
4.6,,
4.6,,
5.1,,
,5.89,
5.4,,
5.0,,
5.1,,
5.6,,
6.32,,
5.1,,
6.3,,
4.29,,
6.2,,
6.0,,
5.62,,
4.65,,
5.2,,
4.9,,
9.3,,
5.7,,
5.365,,
5.3,,
5.0,,
6.75,,
5.0,,
5.8,,
5.85,,
4.9,,
4.4,,
6.0,,
4.68,,
6.33,,
4.7,,
5.7,,
4.9,,
4.8,,
4.7,,
5.4,,
5.5,,
7.16,,
4.8,,
5.6,,
5.55,,
5.7,,
4.8,,
5.35,,
4.8,,
5.15,,
5.6,,
4.3,,
5.1,,
4.6,,
5.45,,
4.85,,
5.8,,
5.0,,
5.5,,
6.39,,
6.5,,
5.35,,
,7.89,
5.1,,
5.5,,
5.3,,
6.099999999999999,,
5.599999999999999,,
5.400000000000001,,
5.4,,
4.6,,
5.7,,
4.5,,
5.91,,
5.0,,
5.6,,
6.0,,
5.1,,
4.8,,
6.5,,
6.0,,
5.7,,
5.5,,
4.8,,
5.85,,
6.69,,
4.85,,
4.734999999999999,,
,,6.0
5.05,,
4.9,,
4.5,,
5.1675,,
5.3,,
4.85,,
5.28,,
6.05,,
5.3,,
5.5,,
5.95,,
4.9,,
4.8,,
5.3,,
5.8,,
4.9,,
5.5,,
4.9,,
,5.62,
5.8,,
4.8,,
6.0,,
5.2,,
5.65,,
5.15,,
5.57,,
6.3,,
6.16,,
5.5,,
4.48,,
5.265000000000001,,
5.1,,
4.5,,
5.95,,
4.8,,
5.85,,
5.55,,
5.5,,
4.6,,
4.4,,
5.55,,
5.3,,
4.9,,
4.7,,
4.8,,
4.6,,
4.85,,
6.92,,
4.8,,
4.85,,
4.8,,
5.4,,
5.4,,
6.05,,
5.1,,
6.7,,
6.7,,
4.6,,
4.85,,
5.02,,
5.2,,
5.6,,
4.8,,
7.08,,
4.7,,
4.5,,
5.11,,
,5.844615384615385,
5.400000000000001,,
6.0,,
5.96,,
5.0,,
,5.29,
5.68,,
5.109999999999999,,
4.79,,
4.8,,
5.7,,
6.0,,
7.75,,
5.24,,
4.66,,
4.6,,
4.6,,
6.96,,
5.4,,
4.92,,
4.8,,
4.19,,
5.400000000000001,,
5.91,,
,5.51,
5.3,,
4.5,,
4.3,,
5.15,,
4.64,,
4.95,,
4.6,,
4.77,,
4.9,,
5.45,,
6.52,,
6.09,,
4.6,,
4.96,,
4.43,,
4.75,,
4.9399999999999995,,
6.5,,
4.9,,
4.4,,
6.82,,
4.7,,
4.6,,
6.6899999999999995,,
5.3,,
4.85,,
5.045,,
4.75,,
5.05,,
4.93,,
5.0,,
5.08,,
5.45,,
6.0,,
5.5,,
5.45,,
,5.32,
5.0,,
4.6,,
4.6,,
5.6,,
4.9,,
7.0,,
6.52,,
,,5.93
5.92,,
4.96,,
,5.97,
5.4,,
4.44,,
5.65,,
5.1,,
5.400000000000001,,
4.48,,
5.15,,
5.5,,
4.75,,
5.8,,
5.82,,
4.55,,
5.5,,
4.8,,
4.55,,
4.4,,
5.599999999999999,,
5.3,,
4.01,,
5.07,,
5.3,,
,4.08,5.18
5.5,,
5.11,,
4.6,,
4.65,,
5.18,,
5.25,,
4.6,,
4.8,,
4.4,,
4.7,,
4.6,,
5.19,,
4.5,,
4.9,,
4.55,,
5.0,,
4.9,,
5.28,,
4.8,,
4.9,,
4.7,,
5.900000000000001,,
4.89,,5.14
5.25,,
5.3,,
5.6,,
6.22,,
4.8,,
5.900000000000001,,
4.4,,
4.5,,
5.75,,
5.400000000000001,,
5.85,,
4.78,,
5.16,,
5.85,,
5.400000000000001,,
4.6,,
4.8,,
5.34,,
5.1,,
,,5.84
,,6.71
4.5,,
4.8,,
4.9,,
4.8,,
,4.39,
4.8,,
4.75,,
5.22,,
5.1,,
4.67,,
5.0,,
4.4,,
4.79,,
4.4,,
6.05,,
,5.72,
4.7,,
4.5,,
6.0,,
4.34,,
4.8,,
5.11,,
6.52,,
5.7,,
4.4,,
4.6,,
5.1,,
6.0,,
4.8,,
5.5,,
4.9,,
5.37,,
5.7,,
5.72,,
5.5,,
4.94,,
,5.75,
5.0,,
5.76,4.58,
4.5,,
7.1,,
5.5,,
4.8,,
4.62,,
4.95,,
5.400000000000001,,
5.0,,
5.0,,
4.5,,
5.400000000000001,,
4.75,,
5.4,,
5.8,,
4.85,,
5.55,,
5.1,,
4.68,,
4.7,,
5.3,,
,,6.66
4.7,,
4.85,,
4.75,,
5.675,,
4.8,,
5.400000000000001,,
4.5,,
5.16,,
4.8,,
5.7,,
6.816666666666666,,
5.4,,
4.57,,
6.3,,
4.5,,
4.65,,
5.0,,
,4.82,
7.7,,
4.8,4.82,
4.5,,
5.4,,
5.24,,
5.4,,
5.0,,
4.6,,
5.65,,
4.9799999999999995,,7.55
6.16,,
,,6.8
4.65,,
5.4,,
5.400000000000001,,
5.75,,
,4.41,5.28
4.8,,
5.599999999999999,,
5.3,,
4.26,,
5.4,,
5.400000000000001,,
5.22,,
5.64,,
4.9,,
5.25,,
,6.0,
,5.28,
6.7,,
5.65,,
4.7,,
6.33,,
6.2,,
4.5,,
6.2,,
6.35,,
4.8,,
4.5,,
,,10.52
5.3,,
5.5,,
4.69,,
5.1,,
5.09,,
6.853333333333334,5.57,
5.3,,
5.255,,
4.9,,
4.8,,
4.795,,
4.4,,
4.4,,
,,5.72
4.8,,
5.0,,
5.16,,
4.9,,
5.400000000000001,,
6.89,,
4.7,,
4.6,,
4.12,,
5.52,,
4.6,,
5.0,,
6.14,,
4.8,,
,5.0,
5.0,,
6.605,,
4.75,,
4.6,,
5.0,,
4.9,,
6.35,,
4.95,,
4.9,,
,4.32,
4.6,,
6.6,,
5.6,,
5.1,,
4.736666666666666,,
4.6,,
6.15,,
4.5,,
4.37,,
4.6,5.12,
5.89,,
4.47,,
6.21,,
6.3,,
4.84,,
,5.43,
6.5,,
4.9,,
4.4,,
5.51,,
5.85,,
5.2,,
5.6,,
4.36,,
4.8,,
5.0,,
5.13,,
7.2,,
5.05,,
5.1,,
5.45,,
5.5,,
,5.5,
5.1,,
5.78,,
4.7,,
5.4,,
4.8,,
5.22,,
4.8,,
4.6,,
5.41,,
4.4,,
5.1,,
6.7,,
4.86,,
4.65,,
6.05,,
4.85,,
4.9,,
6.0,,
4.4,,
4.7,,
5.2,,
,4.37,6.09
5.7,,
4.8,,
5.1,,
4.77,,
5.4,,
4.65,,
4.85,,
4.85,,
5.41,,
5.92,,
,5.48,
4.7,,
6.0,,
5.3,,
5.599999999999999,,
5.05,,
4.9,,
5.5,,
5.5,,
4.52,,
4.6,,
7.57,,
5.4,,
4.9,,
5.16,,
7.5,,
4.58,,
5.8,,
4.4,,
7.32,,
5.3,,
5.5,,
5.5,,
5.65,,
4.5,,
5.0,,
4.3,,
4.48,,
5.0,,
9.3,,
5.0,,
4.7,,
5.25,,
4.8,,
5.82,,
5.5,,
5.1,,
,5.77,
4.77,,
4.6,,
4.85,,
4.824999999999999,,
7.599999999999999,,
4.8,,
5.1,,
4.7,,
4.8,,
5.15,,
5.3,,
5.88,,
5.6,,
5.400000000000001,,
5.7,,
4.8,,
5.45,,
4.4,,
4.9,,
4.8,,
5.95,,
4.9,,
,6.07,
5.5,,
4.9,,
7.0,,
5.1,,
5.66,,
4.8,,
5.45,,
4.8,,
5.91,,
5.5,,
4.595000000000001,,
4.9,,
5.25,,
,,4.91
5.45,,
,,6.48
4.6,,
4.8,,
4.85,,
5.02,,
6.599999999999999,,
4.71,,
5.400000000000001,,
5.1,,
5.599999999999999,,
5.0,,
4.87,,
5.2,,
4.55,,
6.0,,
4.45,,
4.9,,
4.6,,
,,7.15
4.9,,
5.5,,
5.0,,
,6.4,
5.5,,
4.9,,
4.37,,
4.9,,
5.5,,
5.756666666666667,,
4.55,,
5.17,,
5.75,,
,5.25,
5.8,,
5.5,,
5.95,,
4.7,,
5.1,,
4.85,,
4.8,,
5.89,,
6.52,,
5.900000000000001,,
4.9,,
5.1,,
5.57,,
,5.61,
4.8,,
5.25,,
5.0,,
6.01,,
5.65,,
4.95,,
5.4,,
6.8,,
4.75,,
6.3,,
8.07,,
7.25,,
4.5,,
5.7,,
6.05,,
4.9,,
4.8,,
5.2,,
5.8,,
4.9,,
5.61,,
5.18,5.51,
4.7,,
4.5,,
5.0,,
5.599999999999999,,
6.0,,
4.68,,
4.8,,
5.95,,
5.25,,
,5.56,
4.89,,
5.1,,
5.1,,
4.6,,
5.45,,
4.65,,
4.6,,
5.8,,
4.5,,
5.5,,
5.3,,
4.54,,
5.5,,
4.17,,
4.8,,
6.1000000000000005,,
4.99,,
,6.41,
5.1,,
6.35,,
4.5,,
4.85,,
5.4,,
5.400000000000001,,
5.5,,
5.400000000000001,,
5.65,,
5.35,,
5.0,,
5.5,,
4.5,,
5.8,,
5.06,,
4.85,,
5.2,,
7.0,,
5.1,,
4.95,,
5.31,,
4.9,,
5.8,,
4.8,,
6.3,,
7.3,,
5.4,,
,5.04,
4.8500000000000005,,
5.7,,
5.7,,
4.73,,
5.900000000000001,,
5.05,,
4.85,,
4.85,,
4.85,,
4.8,,
5.4,,
5.95,,
5.3500000000000005,,
4.5,,
4.8,,
5.7,,
,5.8,
5.39,,
5.599999999999999,,
5.7,,
4.5,,
4.65,,
4.26,,
6.8,,
4.55,,
4.9,,
,5.5,
5.45,,
5.5,,
5.5,,
6.7,,
5.7,,
5.85,,
6.0,,
5.35,,
4.85,,
4.4,,
5.21,,
4.4,,
5.6,4.9399999999999995,
4.85,,
4.9,,
4.6,,
4.75,,
4.72,,
5.4,,
4.6,,
,4.85,
4.41,,
5.96,,
4.4,,
4.4,,
5.415,,
5.1850000000000005,,
5.7,,
4.6,,
4.6,,
5.333333333333333,,
4.08,,
4.9,,
4.85,,
5.9,,
5.3,,
5.0,,
5.1,,
4.8,,
5.47,,
5.3,,
4.7,,
5.7,,
5.7,,
4.8,,
5.3,,
4.85,,
4.8,,
7.5,,
4.2,,
5.4,,
4.95,,
4.96,,
4.45,,
,4.9,
6.1,,
4.75,,
4.85,,
5.5,,
5.48,,
,5.75,
5.0,,
8.0,,
6.2,,
5.42,,
5.372727272727273,,
5.66,,
5.1,,
5.9,,
4.6,,
5.2,,
6.2,,
4.5,,
4.95,,
5.7,,
5.4,,
5.074999999999999,,
4.9,,
4.6,,
4.7,,
4.65,,
5.65,,
4.09,,
4.8,,
5.84,,
4.85,,
5.1,,
5.3,,
5.5,,
6.546666666666667,,
4.5,,
9.3,,
4.72,,
4.54,,
4.77,,
5.64,,
4.8,,
5.85,,
5.36,,
4.82,,
5.35,,
6.22,,
4.66,,
4.85,,
5.5,,
5.1,,
5.92,,
5.8,,
5.95,,
4.7,,
4.9,,
6.82,,
4.8,,
6.44,,
4.9,,
4.4,,
6.5,,
5.599999999999999,,
4.4,,
5.25,,
5.29,,
5.1,,
4.9,,
4.55,,
5.3,,
4.9,,
6.400000000000001,,
5.16,,
4.79,,
4.8,,
5.400000000000001,5.635,
4.8,,
4.8,,
4.8,,
5.7,,
5.01,,
7.4,,
6.599999999999999,,
6.8,,
5.0,,
5.1,,
5.1850000000000005,,
4.55,,
6.15,,
5.01,,
4.61,,
5.545,,
5.1,,
5.1,,
7.0,,
5.64,,
4.85,,
5.1,,
4.72,,
4.6,,
5.0,,
4.4,,
5.599999999999999,,
4.98,,
5.3625,,
6.5,,
5.25,,
5.400000000000001,,
4.5,,
5.900000000000001,,
4.95,,
,5.43,
,6.02,
4.8,,
5.73,,
4.8,,
4.77,,
5.7,,
5.0,,
5.7,,
4.75,,
5.96,,
,4.01,6.46
6.0,,
6.1,,
5.3,,
6.0,,
5.5,,
6.56,,
5.62,,
5.400000000000001,,
4.39,,
5.3,,
4.5,,
5.0,,
7.52,,
5.28,,
4.8,,
5.1,,
5.6,,
4.9,,
5.58,,
5.4,,
7.9,,
5.15,,
5.0,,
4.6,,
6.87,,
4.6,,
5.365,,
4.5,,
4.85,,
4.9,,
5.25,,
5.599999999999999,,
5.3,,
6.96,,
5.8,,
6.7,,
6.11,,
4.95,,
,5.01,
5.3,,
4.8,,
5.89,,
5.5,,
4.6,,
,,6.07
5.85,,
6.06,,
5.4,,
,4.52,
4.9,,
5.449999999999999,,
4.7,,
6.72,,
4.6,,
4.6,,
5.3,,
5.75,,
4.85,,
6.1,,
5.400000000000001,,
6.5,,
,4.9,
4.8,,
5.3,,
4.65,,
5.3,,
4.4,,
4.4,,
5.6,,
5.05,,
6.41,,
5.7,,
4.9,,
5.48,,
4.55,,
5.875,,
4.4,,
4.41,,
4.8,,
6.62,,
4.8,,
4.9,,
5.06,,
5.5,,
5.35,,
5.4,,
4.95,,
4.55,,
4.8,,
,6.023333333333333,
4.85,,
5.65,,
,6.648000000000001,
5.96,,
,5.9,
5.235,,
4.4,,5.58
4.8,,
4.9,,
4.4,,
5.400000000000001,,
5.4,,
,5.99,
4.79,,
5.16,,
4.5,,
5.1,,
4.9,,
5.4,,
5.0,,
5.4,,
5.0,,
6.1,,
5.0,,
5.5,,
7.0,,
6.84,,
5.3,,
4.85,,
4.9,,
5.12,,
8.893333333333333,,
5.15,,
4.4,,
6.0,,
,6.756666666666667,
4.52,,
4.6,,
4.8,,
4.6,,
5.390000000000001,,
5.1,,
4.9,,
,5.06,
5.05,,
5.4,,
5.68,,
5.0,,
4.14,,
5.55,,
,4.6,
5.400000000000001,,
4.8,,
4.8,,
5.04,,
4.85,,
5.05,,
5.1,,
4.89,,
,,4.27
8.0,,
5.25,,
4.9,,
5.85,,
4.7,,
4.65,,
6.2,,
,,9.67
5.23,,
5.1,,
4.7,,
4.8,,
5.5,,
4.5,,
5.5,,
,,4.89
4.8,,
4.875,,
5.1,,
4.7,,
5.2,,
5.9,,
5.5,,
5.6,,
4.8,,
5.45,,
4.55,,
4.5,,
4.7,,
,5.32,
6.82,,
4.72,,
6.0,,
4.7,,
5.7,,
4.7,,
4.8,,
5.7,,
5.6,,
5.0,,
,5.94,
5.5,,
,6.2,
4.95,,
,5.145,
5.7,,
5.26,,
6.96,,
5.79,,
4.85,,
5.94,,
4.4,,
4.54,,
6.0,,
4.6,,
4.7,,
4.5,,
5.7,,
5.8,,
5.1,,
4.6,,
5.3,,
5.599999999999999,,
4.6,,
4.8,,
4.6,,
4.6,,
5.34,,
6.8,,
5.5,,
5.13,,
5.19,,
4.4,,
,,5.4
4.92,,
5.55,,
4.9,,
5.0,5.28,
4.5,,
4.7,,
4.6,,
,5.966666666666666,
4.9,,
4.8,,
5.1,,
5.8,,
7.0,,
4.7,,
5.3,,
4.8,,
5.05,,
6.29,,
4.4,,
4.72,,
4.8,,
5.0,,
5.599999999999999,,
5.2,,
5.0,,
5.2,,
5.7,,
4.8,,
4.6,,
,7.95,
5.1,,
5.35,,
5.4,,
5.400000000000001,,
5.45,,
5.4,,
,4.583333333333333,
5.52,,
5.5,,
5.5,,
6.0,,
4.4,,
5.4,,
4.4,,
,,6.32
4.7,,
5.5,,
4.6,,
6.2,,
5.5,,
5.7,,
6.2,,
5.5,,
5.45,,
5.0,,
6.51,,
4.85,,
4.66,,
5.85,,
5.335,,
5.19,,
4.98,,
6.16,,
4.7,,
4.8,,
5.72,,
5.62,,
6.3,,
5.333333333333333,,
4.77,,
5.8,,
5.48,,
5.5,,
5.8,,
4.8,,
5.3,,
4.6,,
4.5,,
6.05,,
4.92,,
4.9,,
4.8,,
4.6,,
4.9,,
4.6,,
4.8,,
7.22,,
5.0,,
4.39,,
5.609999999999999,,
4.9,,
4.8,,
5.05,,
4.5,,
5.3,,
5.7,,
5.9,,
5.26,,
5.0,,
4.85,,
5.65,,
6.5,,
5.35,,
4.9,,
5.11,,
5.45,,
5.5,,
6.05,,
4.45,,
4.5,,
5.05,,
5.400000000000001,,
5.5,,
4.8100000000000005,,
5.15,,
4.8,,
5.415,,
5.8,,
5.2,,
4.7225,,
5.5,,
4.91,,
5.4,,
4.24,,
4.56,,
5.0,,
5.1,,
4.220000000000001,,
,,10.01
4.95,,
5.05,,
4.8,,
6.24,,
5.0,,
5.400000000000001,,
4.9,,
5.1,,
5.47,,
4.82,,
5.3,,
5.16,,
5.03,,
5.4,,
4.85,,
5.7,,
5.35,,
5.5,,
4.6,,
5.2,,
5.7,,
5.3,,
6.2,,
4.07,,
7.0,,
4.8,,
5.5,,
4.8,,
5.11,5.85,
4.5,,
5.75,,
5.19,,
4.6,,
5.4,,
5.135,,
5.45,,
4.85,,
5.3,,
4.7,,
6.64,,
4.6,,
4.4,,
5.9,,
5.7,,
,,4.92
5.5,,
5.46,,
5.75,,
5.0,,
5.47,,
5.3,,
5.5,,
4.8,,
4.85,,
6.75,,
,,9.05
5.08,,
6.7,,
5.2,,
5.8,,
5.2,,
5.0,,
5.400000000000001,,
4.65,,
5.3,,
4.9,,
,4.8,
5.933333333333334,,
5.95,,
5.75,,
4.6,,
5.02,,
5.5,,
,,6.69
4.58,5.03,
4.58,,
5.51,,
5.2,,
,4.5,
4.62,,
4.7,,
4.37,,
4.4,,
4.9,,
5.3,,
4.7,,
5.5,,
6.15,,
5.29,,
5.21,,
5.65,,
4.62,,
4.85,,
4.7,,
5.5,,
5.64,,
5.5,,
5.8,,
4.9,,
5.0,,
6.2,,
4.9,,
5.7,,
5.21,,
4.92,,
5.1000000000000005,,
4.9,,
4.8,,
5.5,,
5.0,,
5.4,,
5.7,,
4.8,,
5.05,,
5.1,,
6.4,,
4.7,,
,4.92,
4.6,,
4.65,,
5.12,,
5.3,,
4.9,,
5.85,,
5.2,,
5.66,,
6.89,,
4.85,,
4.8,,
5.51,,
4.9,,
5.4,,
6.4,,
,6.37,
5.2,,
4.75,,
4.9,,
4.72,,
5.400000000000001,,
4.6,,
7.09,,
5.0,,
5.9,,
4.9,,
4.8,,
,,5.45
,4.98,
4.4,,
6.1,,
5.0,,
6.36,,
5.1,,
4.95,,
4.96,,
5.7,,
4.85,,
5.4,,
5.22,,
4.4,,
,5.166666666666667,
5.0,,
5.4,,
4.75,,
5.94,,
4.6,,
5.4,,
4.75,,
6.3,,
5.425000000000001,,
5.35,,
5.9,,
6.07,,
5.400000000000001,,
5.5,,
5.35,,
5.2,,
4.8,,
6.7,,
6.96,,
4.75,,
4.8,,
5.0,,
4.66,,
4.5,,
5.0,,
5.1,,
4.9,,
5.35,,
5.6,,
5.82,,
6.0,,
5.48,,
4.8,,
5.1,,
5.0,,
5.0,,
4.85,,
5.05,,
5.0,,
6.52,,
5.04,,
4.7,,
5.4,,
6.7,,
4.95,,
4.95,,
6.15,,
5.5,,
5.06,,
4.9,,
5.1,,
6.3,,
4.7,,
4.8,,
5.4,,
5.900000000000001,,
6.1,,
,5.0,
5.95,,
5.400000000000001,,
5.3,,
5.0,,
4.74,,
6.75,,
4.9,,
5.400000000000001,,
5.945,,
4.9,,
4.8,,
4.9,,
4.85,,
4.705,,
7.18,,
4.7,,
5.400000000000001,,
4.72,,
4.52,,
5.15,,
4.4,,
4.9,,
5.4,,
5.0,,
5.3,,
6.68,,
5.5,,
5.0,4.516666666666667,
4.6,,
4.9,,
4.65,,
5.6,,
5.2,,
,5.62,
4.845,,
5.0,,
4.8,,
5.39,,
5.55,,
5.7,,
4.99,,
5.1,,
5.4,,
4.9,,
5.1,,
5.7,,
4.5,,
5.6,,
5.0,,
5.15,,
5.2,,
5.6,,
4.6,,
5.5,,
6.0,,
5.85,,
5.0,,
,5.74,
,5.06,
5.46,,
,,5.48
5.3,,
4.4,,
4.4,,
4.44,,
4.7,,
5.8,,
4.41,,
5.6,,
5.2,,
,8.625,
6.099999999999999,,
5.900000000000001,,
4.4,,
,,5.37
,6.58,
4.8,,
4.44,,
,6.36,
5.43,,
5.54,,
6.38,,
4.85,,
4.94,,
5.3,,
5.1,,
5.9,,
7.32,,
4.9,,
5.3,,
4.7,,
4.89,,
5.5,,
5.92,,
4.85,,
5.0,,
,7.49,
7.05,,
4.6,,
,5.58,
4.6,,
5.45,,
5.5,,
6.6,,
4.36,,
5.400000000000001,,
5.45,,
9.0,,
6.6,,
5.3,,
5.89,,
5.4,,
5.1,,
,5.89,
5.1,,
4.4,,
5.05,,
7.05,,
5.4,,
5.48,,
4.9,,
5.34,,
4.8,,
4.6,,
4.8,,
4.4,,
5.900000000000001,,
6.0,,
5.68,,
6.92,,
4.9,,
5.03,,
7.01,,
4.65,,
6.0,,
5.7,,
4.9,,
4.55,,
5.52,,
5.8,,
5.05,,
4.5,,
4.95,,
5.0,,
4.574999999999999,,
5.2,,
4.7,,
4.6,,
,4.0,5.83
4.255,,
5.599999999999999,,
5.22,,
5.0,,
5.0,,
6.529999999999999,,
5.1,,
5.35,,
,5.626666666666666,
5.05,,
5.3,,
4.55,,
,6.175,
5.6,,
4.44,,
5.4,,
5.599999999999999,,
4.6,,
5.3,,
5.7,,
5.45,,
4.9,,
4.76,,
5.900000000000001,,
6.7,,
4.85,,
5.5,,
,5.0600000000000005,
5.2,,
5.3,,
4.5,,
5.45,,
6.900000000000001,,
4.84,,
5.34,,
,4.975,
5.45,,
4.65,,
5.6,,
5.5,,
5.1,,
5.25,,
6.85,,
5.2,,
6.56,,
4.9,,
4.9,,
5.1,,
5.7,,
,4.58,
4.89,,
4.85,,
5.1,,
5.66,,
4.8,,
6.0,,
6.2,,
4.6,,
,6.72,
5.8,,
5.1,,
5.35,,
5.5,,
4.9,,
4.8,,
,5.81,
4.8,,
5.7,,
,5.0,
5.900000000000001,,
5.04,,
4.85,,
5.3,,
4.9799999999999995,,
5.1,,
4.9,,
4.6,,
5.1,,
7.5,,
4.84,,
4.51,,
4.64,,
5.7,,
4.98,,
4.8,,
4.8,,
7.242142857142857,5.57,
4.9,,
6.65,,
5.2,,
5.69,,
7.4,,
6.1,,
5.85,,
7.86,,
5.09,,
5.15,,
,,9.29
4.5,,
4.8,,
5.1,,
5.1,,
,5.925,
,4.55,
6.75,,
4.6,,
4.5,,
4.9,,
5.1,,
7.85,,
4.55,,
5.9,,
4.7,,
6.3,,
,5.5,
4.8,,
5.1,,
5.900000000000001,,
5.2,,
5.22,,
,6.2,
7.05,,
4.89,,
4.6,,
4.32,,
6.3,,
4.9,,
5.4,,
6.3,,
5.0,,
4.4,,
4.8500000000000005,,
5.400000000000001,,
6.4,,
4.9,,
4.6,,
5.1,,
5.3,,
4.21,,
4.825,,
5.1,,
4.8,,
6.0,,
5.4,,
4.8,,
5.1,,
5.3,,
5.28,,
5.62,,
4.9,,
5.05,,
4.85,,
4.7,,
5.35,,
5.11,,
5.45,,
4.6,,
6.0,,
5.7,,
5.0,,
4.85,,
5.65,,
5.01,,
6.22,,
5.0,,
5.92,,
,6.75,
4.75,,
4.9,,
5.0,,
4.6,,
4.9,,
4.9,,
5.1,,
4.7,,
4.82,,
5.599999999999999,,
,5.32,
5.1,,
4.8,,
5.7,,
4.87,,
5.5,,
5.36,,
5.15,,
5.0,,
4.82,,
5.35,,
6.26,,
5.7,,
5.3,,
5.54,,
5.6,,
5.7,,
4.58,,
4.9,,
5.0,4.83,
5.2,,
5.51,,
4.7,,
5.2,,
5.6,,
6.05,,
4.52,,
4.85,,
4.34,,
5.1,,
6.2,,
4.6,,
5.0,,
5.28,,
5.8,,
4.9,,
4.8,,
4.27,,
4.85,,
5.5,,
5.01,,
5.966666666666668,,
5.1,,
5.3,,
5.3,,
,4.11,5.95
5.400000000000001,,
4.9,,
5.599999999999999,,
4.8,,
5.400000000000001,,
5.25,,
4.7,,
4.9,,
6.57,,
5.25,,
5.550000000000001,,
4.8,,
4.82,,
4.9,,
5.22,,
5.4,,
,5.875,
4.75,,
5.400000000000001,,
6.05,,
5.6,,
5.405,,
4.85,,
5.1,,
7.0,,
5.3,,
5.5,,
4.9,,
4.5,,
5.34,,
4.7,,
4.8,,
5.0,,
5.599999999999999,,
5.599999999999999,,
6.3,,
5.77,,
5.5,,
5.97,,
,5.52,
,6.22,
4.8,,
,6.555,
4.65,,
,5.2,
4.9,,
5.21,,
5.25,,
5.05,,
4.45,,
6.45,,
6.52,,
5.21,,
5.15,,
5.68,,
5.599999999999999,,
6.645,,
4.5,,
5.56,,
5.3,,
6.05,,
5.31,,
5.400000000000001,,
4.63,,
5.0,,
5.7,,
5.400000000000001,,
5.03,,
8.4,,
5.47,,
5.3,,
4.9,,
5.0,,
6.51,,
4.6,,
4.8,,
4.4,,
4.6,,
5.7,,
4.8,,
,6.71,
7.04,,
5.3,,
5.5,,
4.69,,
4.65,,
5.2,,
5.3,,
4.9,,
5.8,,
5.900000000000001,,
4.9,,
4.8,,
4.95,,
4.65,,
,5.05,
4.75,,
5.2,6.6,
5.66,,
5.400000000000001,,
5.8,,
5.8,,
5.36,,
4.77,,
4.65,,
,,9.79
5.15,,
5.5,,
6.0,,
5.5,,
4.9,,
5.16,,
5.05,,
5.1,,
4.75,,
5.400000000000001,,
5.06,,
6.5,,
4.04,,
5.7,,
4.85,,
4.6,,
4.5,,
6.2,,
4.5,,
4.7,,
4.19,,
5.5,,
4.4,,
5.1,,
4.58,,
,5.92,
5.2,,
5.51,,
5.400000000000001,,
5.5,,
4.859999999999999,,
5.0,,
4.8,,
5.3,,
4.8,,
4.4,,
5.24,,
6.46,,
4.9,,
5.03,,
5.17,,
5.2,,
4.9,,
4.79,,
5.1,,
6.37,,
5.5,,
4.9,,
6.06,,
5.7,,
5.28,,
4.9,,
6.08,,
4.55,,
4.8,,
5.23,,
6.13,,
5.15,,
5.1,,
5.15,,
4.4,,
,5.26,
5.4,,
6.400000000000001,,
5.92,,
5.0,,
5.1,,
6.1,,
5.0,,
4.9,,
4.4,,
5.1,,
5.5,,
4.85,,
4.55,,
4.85,,
5.35,,
5.58,,
4.8,,
5.5,,
5.0,,
5.0,,
5.3,,
4.65,,
5.15,,
5.54,,
7.31,,
4.6,,
5.400000000000001,,
4.9,,
6.5,,
4.45,,
5.35,,
4.8,,
4.7,,
8.85,,
5.5,,
5.35,,
5.16,,
4.8,,
5.1,,
5.65,,
6.8,,
5.07,,
4.8,,
5.400000000000001,,
5.48,5.3,
,7.22,
4.5,,
4.85,,
4.82,,
5.1,,
6.1,,
7.0,,
6.1,,
5.6,,
5.2,,
4.6,,
4.7,,
4.7,,
6.4,,
5.599999999999999,,
5.3,,
5.52,,
5.8,,
4.8,,
,,5.48
4.85,,
5.7,,
5.1,,
5.15,,
4.81,,
,7.0,
4.65,,
4.15,,
5.31,,
6.0,,
5.4,,
5.36,,
4.6,,
4.6,,
5.3,,
5.615,,
5.400000000000001,,
5.105,,
4.6,,
5.17,,
5.9,,
5.9,,
6.55,,
4.85,,
4.8,,
5.0,,
,4.9,
5.35,,
4.55,,
5.2,,
5.0,,
5.2,,
4.6,,
5.47,,
6.04,,
5.400000000000001,,
5.24,,
5.175,4.53,
4.75,,
6.2,,
7.2,,
5.035,,
5.1,,
5.15,,
4.9,,
6.2,,
4.58,,
5.3,,
4.6,,
4.6,,
4.55,,
5.5,,
4.9,,
5.5,,
6.0,,
5.0,,
7.0,,
5.11,,
5.7,,
4.85,,
6.599999999999999,,
5.400000000000001,,
4.85,,
5.5,,
6.1,,
4.9,,
5.400000000000001,,
5.3,,
4.8,,
4.7,,
4.8,,
6.31,,
4.55,,
4.7,,
4.64,,
4.77,,
6.900000000000001,,
5.5,,
5.7,,
5.0,,
5.5,,
,4.55,
4.5,,
5.3,,
5.400000000000001,,
6.05,,
4.6,,
4.9,,
4.7,,
4.65,,
4.9,,
5.3,,
5.75,,
7.8,,
,5.890000000000001,
,5.94,
4.24,,
4.75,,
5.35,,
4.85,,
4.8,,
4.4,,
5.5,,
4.9,,
5.900000000000001,,
5.6,,
4.89,,
,6.82,
5.35,,
5.400000000000001,,
4.8,,
5.0,,
6.099999999999999,,
4.31,,
5.6,,
5.2,,
,6.33,
4.8,,
5.2,,
5.99,,
5.1,,
5.07,,
5.1,,
4.8,,
4.62,,
5.5,,
5.3,,
4.85,,
5.4,,
5.400000000000001,,
5.37,,
,,8.93
5.400000000000001,,
5.68,,
4.6,,
5.3,,
4.7,,
5.599999999999999,,
5.400000000000001,,
4.9,,
4.85,,
4.8,,
6.2,,
5.1,,
5.4,,
4.45,,
6.77,,
5.873333333333334,,
5.6,,
5.94,,
4.65,,
6.15,,
4.8,,
5.26,,
4.8,,
4.85,,
6.09,,
7.52,,
4.8,,
5.6,,
5.2,4.75,
4.4,,
5.45,,
4.6,,
,6.52,
7.0,,
4.54,,
4.9,,
5.55,,
5.900000000000001,,
4.8,,
4.46,,
,5.5,
5.400000000000001,,
4.8,,
4.8,,
4.4,,
4.8,,
5.21,,
5.7,,
5.16,,
5.5,,
,4.82,
4.9,,
4.8,,
5.22,,
4.41,,
4.9,,
4.57,,
6.5,,
5.82,,
5.400000000000001,,
5.7,,
4.9,,
4.8,,
5.0,,
4.96,,
6.39,,
4.8,,
4.6,,
4.9,,
6.640000000000001,,
5.7,,
4.6,,
4.52,,
5.2,,
4.95,,
4.5,,
6.05,,
4.75,,
4.8,,
5.55,,
5.1,,
4.46,,
5.07,,
5.25,,
4.9,,
4.8,,
4.7,,
4.9,,
5.1,,
5.54,,
4.89,,
5.3,,
6.85,,
4.8,,
4.75,,
,4.59,
4.96,,
5.8,,
4.74,,
4.75,,
5.1,,
4.4,,
5.4,,
4.8,,
5.2,,
5.01,,
5.96,,
5.0,,
5.75,,
5.4,,
7.52,,
4.6,,
5.4,,
5.35,,
5.9,,
4.6,,
4.9,,
4.11,,
4.7,,
5.7,,
5.3,,
5.15,,
5.26,,
4.4,,
4.9,,
5.5,,
5.4,,
4.5,,
6.599999999999999,,
6.5,,
5.7,,
5.2,,
5.4,,
5.0,,
6.16,,
5.400000000000001,,
5.1,,
6.2,,
,6.82,
5.0,,
5.65,,
4.9,,
5.15,,
,6.1850000000000005,
5.9,,
4.85,,
4.86,,
6.1,,
5.8,,
5.6,,
5.15,,
5.2,,
5.1,,
5.44,,
4.6,,
5.599999999999999,,
4.9,,
4.9,,
4.9,,
4.7,,
,4.57,
7.0,,
5.0,,
5.8,,
4.79,,
5.2,,
5.5,,
4.6,,
4.8,4.4,
4.96,,
5.0,,
4.85,,
4.6,,
4.84,,
5.5,,
,5.97,
4.58,,
4.7,,
4.8,,
5.55,,
5.05,,
4.795,,
4.9,,
4.89,,
4.9,,
4.8,,
9.15,,
6.7,,
5.7,,
4.47,,
5.35,,
5.05,,
5.61,,
4.55,,
5.0,,
5.15,,
4.7,,
4.85,,
5.715,,
5.0,,
4.75,,
4.9,,
4.9,,
5.66,,
4.46,,
4.8,,
4.7,,
6.099999999999999,,
4.85,,
5.21,,
4.6,,
4.67,,
5.6,,
4.7,,
,,9.35
4.3,,
5.17,,
5.1,,
4.8,,
5.57,,
4.9,,
4.72,,
5.900000000000001,,
6.09,,
5.1,,
5.7,,
4.6,,
5.65,,
5.5,,
4.7,,
,6.59,
5.5,,
7.52,,
5.5,,
4.16,,
,,5.21
5.75,,
4.5,,
4.9,,
6.7,,
5.5,,
,5.426666666666667,
6.0,,
5.7,,
5.8,,
,,5.44
6.0,,
4.85,,
5.75,,
4.9,,
,6.126666666666666,
,5.22,
5.64,7.513333333333333,
5.2,,
5.08,,
5.23,,
5.23,,
4.6,,
4.85,,
4.9,,
5.47,,
5.400000000000001,,
4.7,,
5.3,,
5.279999999999999,,
6.24,,
5.0,,
4.5,,
6.92,,
6.25,,
4.6,,
4.6,,
5.45,,
5.52,,
5.1,,
6.0,,
5.355,,
5.02,,
5.0,,
5.4,,
4.8,,
4.9,,
4.79,,
4.7,,
5.5,,
4.9,,
5.8,,
5.2,,
5.0,,
5.3,,
6.0,,
5.324999999999999,,
4.9,,
4.85,,
5.2,,
,5.75,
5.279999999999999,,
5.4399999999999995,,
5.85,,
5.15,,
5.28,,
6.099999999999999,,
4.9,,
4.8,,
5.7,,
5.06,,
5.1,,
5.400000000000001,,
5.58,,
4.85,,
5.1,,
,5.4,
4.8,4.66,
4.8,,
4.8,,
6.1,,
7.38,,
5.6,,
4.8,,
5.17,,
4.9,,
5.15,,
4.9,,
,5.734999999999999,
6.0,,
4.72,,
4.8,,
6.0,,
5.09,,
5.6,,
5.55,,
4.95,,
5.4,,
6.3,,
4.77,,
4.4,,
4.4,,
5.0,,
6.099999999999999,,
4.7,,
5.400000000000001,,
5.66,,
5.1,,
5.5649999999999995,,
4.5,,
5.5,,
4.64,,
4.6,,
5.57,4.93,
5.400000000000001,,
4.95,,
4.8,,
4.8,,
5.3,,
4.4,,
5.2,,
4.5,,
6.400000000000001,,
4.92,,
4.85,,
5.0,,
4.9,,
5.3,,
5.21,,
4.9,,
5.35,,
4.48,,
6.52,,
4.85,,
4.65,,
5.0649999999999995,,
6.68,,
,4.92,
6.5,,
4.8,,
4.9,,
6.14,,
5.58,,
5.55,,
6.4,,
4.9,,
5.5,,
4.85,,
4.9,,
4.65,,
5.599999999999999,,
4.771428571428571,,
5.0,,
4.77,,
4.5,,
5.85,,
5.5,,
5.7,,
5.64,,
4.65,,
6.26,,
5.04,,
5.67,,
5.8,,
5.82,,
4.02,,
4.92,,
4.6,,
9.01,,
6.574999999999999,,
,4.96,
6.54,,
4.8,,
5.5,,
5.4,,
4.9,,
4.9,,
4.8,,
5.425000000000001,,
5.8,,
4.95,,
4.4,,
5.14,,
5.7,,
4.9,,
4.8,,
4.779999999999999,,
4.95,,
5.8,,
6.07,,
,,5.04
5.27,,
5.0,,
4.9,,
4.6,,
4.8,,
5.16,,
6.1,,
6.15,,
5.5,,
6.3,,
5.8125,4.783333333333333,
6.1,,
4.69,,
5.0,,
5.400000000000001,,
4.3,,
5.5,,
5.39,5.8,
5.15,,
5.5,,
5.19,,
5.900000000000001,,
5.1,,
4.55,,
5.8,,
5.0,,
5.0,,
4.9,,
4.89,,
5.0,,
4.23,,
5.75,,
4.8,,
6.0,,
4.83,,
5.3,,
4.8,,
7.58,,
5.1,,
4.9,,
7.39,,
5.400000000000001,,
4.6,,
5.2,,
4.9,,
6.0,,
4.9,,
5.32,,
4.855,,
4.57,,
4.7,,
5.1,,
4.8,,
5.7,,
,5.54,
5.05,,
5.1,,
5.3,,
5.25,,
4.5,,
5.5,,
4.9,,
,4.57,
4.4,,
5.95,,
5.6,,
5.8,,
,6.773333333333333,
,4.5,
5.9,,
4.85,,
5.16,,
5.25,,
4.6,,
4.9,,
4.48,,
4.7,,
6.5,,
6.599999999999999,,
5.35,,
5.0,,
5.45,,
4.4,,
5.58,,
4.65,,
4.9,,
4.7,,
4.8,,
4.5,,
5.8,,
5.2,5.105,
4.52,,
4.75,,
6.5,,
5.0,,
6.1,,
4.8,,
5.49,,
4.4,,
4.55,,
5.4,,
4.85,,
5.48,,
5.15,,
5.1,,
5.0,,
5.6,,
5.05,,
5.3,,
4.9,,
6.1,,
5.900000000000001,,
4.92,,
5.0,,
5.8,,
4.8,,
5.3,,
5.1,,
5.68,,
5.0,,
4.9,,
6.0,,
4.7,,
5.1,,
4.9,,
5.43,,
5.4,,
4.6,,
4.55,,
4.75,,
4.6,,
8.7,,
5.65,,
5.1,,
4.8,,
6.2,,
5.5,,
4.5,,
5.400000000000001,,
4.92,4.525,
7.2,,
5.05,,
5.08,,
5.07,,
4.52,,
4.9,,
5.4,,
4.4,,
6.0,,
6.65,,
4.4,,
5.17,,
5.0,,
5.3,,
4.43,,
4.85,,
5.1,,
5.900000000000001,,
5.05,,
5.2,,
6.3,,
5.5,,
,5.43,
5.08,,
4.85,,
,5.77,
5.7,,
4.55,,
5.400000000000001,,
4.5,,
5.95,,
6.0,,
4.9,,
5.0,,
5.0,,
5.0,,
5.275,,
,6.05,
4.6,,
6.7,4.94,
7.45,,
5.44,,
5.38,,
4.34,,
4.8,,
5.15,,
7.24,,
4.95,,
4.95,,
5.8,,
4.9,,
5.04,,
5.400000000000001,,
4.6,,
5.96,,
4.4,,
4.6,,
4.6,,
4.85,,
4.82,,
4.6,,
4.92,,
5.15,,
5.1,,
6.0,,
5.92,,
7.0,4.81,
4.8,5.066666666666666,
5.105,,
4.92,,
4.23,,
,5.8,
4.8,,
4.4,,
4.7,,
4.8,,
5.33,,
4.65,,
4.57,,
4.5,,
5.5,,
5.900000000000001,,
5.14,,
5.2,,
5.66,,
5.1,,
4.85,,
5.65,,
5.5,,
5.5,,
4.9,,
4.5,,
4.88,,
5.05,,
4.65,,
5.1,,
5.4,,
5.89,,
4.57,,
5.9,,
4.6,,
6.47,,
,,7.4
5.65,,
6.900000000000001,,
4.45,,
5.75,,
5.55,,
4.625,,
7.3,,
5.85,,
4.45,,
5.33,,
5.07,,
4.9,,
5.26,,
5.0,,
5.599999999999999,,
4.6,,
5.1,,
4.6,,
4.9,,
4.8,,
4.37,,
5.7,,
5.8,,
6.72,,
6.05,,
5.0,,
,,7.03
5.1,,
5.7,,
6.3,,
5.1,,
7.52,,
8.15,,
5.0,,
,,5.08
5.62,,
5.14,,
4.8,,
5.2,,
5.92,,
5.01,,
4.5,,
,5.6,
4.8,,
4.8,,
4.6,,
4.85,,
4.82,,
4.8,,
4.8,,
4.4,,
4.65,,
5.45,,
5.6,,
,5.91,
5.0,,
4.5,,
4.9,,
4.51,,
5.1,,
5.7,,
,,5.47
6.05,5.91,
6.13,,
,4.865,
4.75,,
6.55,,
4.5,,
4.8,,
5.6,,
7.72,,
5.15,,
5.62,,
4.7,,
4.6,,
,5.11,
4.9375,,
5.55,,
,,5.52
4.55,,
4.41,,
5.400000000000001,,
6.01,,
5.1,,
7.57,,
4.8,,
6.05,5.64,
6.36,,
4.7,,
5.45,,
5.9,,
4.9,,
4.8,,
6.52,,
5.24,,
4.6,,
,,4.72
5.3,,
5.8,,
4.5,,
6.05,,
5.400000000000001,,
6.52,,
6.44,,
4.95,,
5.55,,
4.6,,
10.66,,
5.2,,
6.11,,
5.3,,
4.825,,
5.9,,
4.7,,
4.6,,
4.6,,
5.400000000000001,,
5.599999999999999,,
5.5,,
4.5,,
5.87,,
6.92,,
4.9,,
5.05,,
5.599999999999999,,
5.24,,
6.7,,
4.8,,
5.2,,
4.59,,
4.33,,
5.06,,
4.45,,
4.9,,
5.900000000000001,,
6.0,,
4.8,,
,,6.52
5.4,,
5.37,,
5.51,,
4.6,,
4.92,,
4.6,,
6.66,,
5.05,,
5.3,,
4.98,,
5.0,,
7.0,,
4.9,,
4.9,,
5.1,,
5.743333333333333,,
4.9,,
4.8,,
5.0,,
5.1,,
4.5,,
5.5,,
5.72,,
4.8,,
5.0,,
4.9,,
5.400000000000001,,
4.8,,
4.9,,
,,5.32
5.7,,
4.9,,
4.5,,
4.93,,
5.7,,
5.68,,
5.6,,
4.7,,
4.6,,
5.54,,
5.28,,
,4.97,
5.05,,
4.5,,
5.9,,
5.0,,
4.2,,
5.5,,
5.16,,
5.35,,
4.65,,
,7.955,
5.5,,
5.5,,
5.5,,
5.140000000000001,,
,5.15,
5.26,,
5.62,,
5.8,,
,6.1,
4.8,,
,5.96,
5.0,,
4.85,,
6.0,,
5.375,,
5.5,,
4.75,,
4.5175,,
6.21,,
,,9.47
4.8,,
5.349999999999999,,
4.6,,
4.95,,
5.9,,
4.85,,
,6.1,
6.46,,
5.3,,
5.8,,
5.0,,
6.3,,
4.5,,
5.599999999999999,,
,,5.66
5.0,,
5.32,,
5.0,,
5.04,,
5.1,,
4.8,,
,6.0,
4.9,,
5.1,,
5.599999999999999,,
,6.56,
5.4,,
4.85,,
4.4,,
6.3,,
4.6,,
6.57,,
4.8,,
4.75,,
4.55,,
5.22,,
,,5.94
4.9,5.1433333333333335,
4.29,,
5.17,,
5.04,,
5.0,,
5.900000000000001,,
6.19,,
4.8,,
4.9,,
5.3,,
5.3,,
6.35,,
6.725,,
4.81,,
5.0,,
4.95,,
5.5,,
4.82,,
4.55,,
5.35,,
5.1,,
5.3,,
5.9,,
5.8,,
5.7,,
,5.26,
4.6,,
4.9,,
7.0,,
5.3,,
4.65,,
5.5,,
5.26,,
4.5,,
4.55,,
5.35,,
4.6,,
4.9,,
5.400000000000001,,
4.8,,
5.400000000000001,,
5.400000000000001,,
5.18,,
5.3,,
4.6,,
5.2,,
4.8,,
5.8,,
4.8,,
5.6,,
5.75,,
4.77,,
6.85,,
5.400000000000001,,
4.6,,
4.52,,
4.7,,
4.7,,
6.32,,
4.9,,
5.5,,
5.72,,
4.88,,
6.61,,
5.8,,
5.5,,
6.51,,
5.1,,
5.35,,
5.1,,
4.96,,
5.5,,
5.16,,
5.5,,
5.005,,
5.3,,
,,5.8
5.9,,
5.3,,
4.9,,
4.8,,
5.4,,
4.4,,
5.5,,
,4.3,
4.6,,
5.48,,
4.6,,
5.25,,
6.74,,
4.4,,
5.35,,
5.0,,
4.85,,
4.75,,
4.6,,
4.545,,
4.9,,
4.7,,
4.6,,
7.3,,
5.1,,
5.0,,
5.175,,
5.0,,
4.5,,
6.63,,
4.35,,
5.3,,
6.19,,
4.85,,
5.7,,
5.57,,
4.9,,
5.5,,
5.3,,
4.9,,
5.5,,
5.5,,
5.1,,
4.8,,
,4.9,
6.6,,
4.55,,
,5.555,
4.7,,
4.7,,
4.8,,
5.28,,
5.4,,
5.6,,
4.5,,
4.8,,
5.599999999999999,,
5.4,,
4.8,,
5.2,,
5.400000000000001,,
5.68,,
6.41,,
4.7,,
4.8,,
5.58,,
5.599999999999999,,
,,7.92
5.53,,
6.2,,
5.1,,
5.4,,
5.37,,
6.3,,
4.93,,
6.05,,
5.4,,
4.8,,
,4.78,
4.68,,
4.85,,
4.7,,
,4.72,
5.0,,
,5.7,
4.6,,
4.7,,
6.29,,
6.85,,
4.6,,
4.6,,
4.7,,
4.9,,
5.5,,
4.66,,
5.72,,
6.400000000000001,,
4.01,,
4.85,,
,6.33,
5.225,,
5.66,,
4.85,,
4.9,,
4.8,,
7.6,,
5.25,,
,6.07,
5.45,,
4.27,,
5.64,,
5.11,,
4.8,,
5.5,,
5.42,,
5.25,,
4.8,,
5.7,,
5.66,,
5.33,,
5.55,,
5.15,,
4.8,,
4.85,,
5.05,,
5.0,,
5.599999999999999,,
4.8,,
5.48,,
5.0,,
5.0,,
5.599999999999999,,
6.62,,
4.6,,
4.8,,
5.7,,
5.4,,
4.4,,
5.35,,
4.6,,
4.85,,
5.1,,
5.35,,
5.45,,
5.1,,
5.599999999999999,,
5.45,,
5.28,,
4.8,,
6.5,,
5.1,,
,5.21,
5.400000000000001,,
4.6,,
4.6,,
4.8,,
4.85,,
5.23,,
4.76,,
5.55,,
5.3,,
4.6,,
5.42,,
4.9,,
5.599999999999999,,
4.9,,
4.65,,
4.8,,
4.8,,
5.2,,
4.6,,
4.8,,
4.9,,
4.85,,
4.5,,
6.15,,
5.21,,
5.88,,
4.7,,
4.9,,
6.89,,
5.35,,
4.7,,
5.3,,
4.65,,
5.33,,
4.9,,
4.85,,
,,5.73
5.599999999999999,,
4.6,,
7.8,,
6.16,,
4.4,,
4.8,,
4.7,,
,6.82,
5.59,,
6.16,,
4.85,,
4.75,,
5.56,,
4.6,,
5.5,,
5.11,,
4.785,,
4.75,,
4.4,,
4.7,,
4.6,,
5.36,,
4.6,,
5.5,,
4.9,,
5.0,,
4.8,,
4.52,,
5.92,,
4.6,,
5.95,,
6.0,,
4.6,,
5.4,,
4.8,,
5.16,,
5.400000000000001,,
4.9,,
4.3,,
5.6,,
4.5,,
5.1499999999999995,,
5.400000000000001,,
4.8,,
6.0,,
5.13,,
4.0,,
5.1,,
4.7,,
4.55,,
4.64,,
4.75,,
5.45,,
,7.153333333333333,
5.0,,
5.16,,
5.1,,
5.599999999999999,,
5.5,,
4.6,,
5.65,,
5.400000000000001,,
5.96,,
4.55,,
5.45,,
4.85,,
,5.855,
6.0,,
4.64,,
5.28,,
4.9,,
5.3,,
,4.6225,
6.82,,
6.0,,
5.89,,
6.52,,
6.05,,
5.5,,
4.95,,
6.25,,
5.0,,
6.29,,
,,6.53
4.85,,
,,6.67
4.64,,
6.47,,
4.6,,
5.1,,
5.47,,
5.4,,
6.16,,
5.380000000000001,,
5.0,,
,5.85,
5.599999999999999,,
,,6.18
5.0,,
7.87,,
4.9,,
,6.07,
4.75,,
6.0,,
5.7,,
4.65,,
4.6,,
5.24,,
5.33,,
6.35,,
5.16,,
5.85,,
,6.24,
4.8,,
4.645,,
5.5,,
4.8,,
5.05,,
7.51,,
5.1,,
4.85,,
5.5,,
4.85,,
5.4,,
4.9,,
,4.8,
4.8,,
4.5,,
4.75,,
6.1,,
4.9,,
5.900000000000001,,
4.85,,
4.717499999999999,,
,,6.57
5.45,,
5.09,,
5.3,,
4.83,,
5.0,,
4.5,,
5.2,,
6.25,,
5.3,,
5.45,,
7.6,,
5.599999999999999,,
6.75,,
4.9,,
4.85,,
4.7,,
5.7,,
5.35,,
4.8,,
4.55,,
4.55,,
5.22,,
4.65,,
5.4,,
5.02,,
6.15,,
5.57,,
5.33,,
5.45,,
4.8,,
5.8,,
5.11,,
5.8,,
5.6,,
,5.72,
5.0,,
5.8,,
4.9,,
5.3,,
5.1,,
7.43,,
5.15,,
4.45,,
4.5,,
4.7,,
5.2,,
5.285,,
5.599999999999999,,
,6.32,
4.6,,
5.3,,
5.1,,
4.945,,
5.4,,
5.400000000000001,,
4.36,,
5.0,,
4.45,,
5.41,,
5.54,,
5.6,,
5.43,,
6.45,,
5.88,,
4.7,,
5.599999999999999,,
,5.84,
4.57,,
4.65,,
6.666666666666667,4.824999999999999,
4.8,,
,5.053333333333334,
5.89,,
5.0,,
4.55,,
4.76,,
5.900000000000001,,
4.85,,
6.3,,
,4.72,
5.3,,
5.7,,
4.85,,
4.9,,
4.8,,
4.03,,
4.6,,
5.599999999999999,,
,6.75,
5.2,,
5.5,,
7.26,,
,,4.7
5.86,,
5.529999999999999,,
4.8,,
4.9,,
4.8,,
5.1,,
5.5,,
4.6,,
5.72,,
5.1,,
5.65,,
5.7,,
6.82,,
7.400000000000001,,
7.43,,
4.85,,
5.22,,
5.5,,
4.75,,
4.6,,
5.0,,
4.6,,
6.1,,
7.43,,
4.8,,
5.2,,
6.22,,
5.9,,
6.099999999999999,,
,5.92,
5.08,,
4.5,,
5.4,,
5.9,,
5.79,,
4.8,,
5.1,,
6.52,,
6.76,,
4.8,,
4.72,,
6.85,,
4.4,,
6.099999999999999,,
4.9,,
5.15,,
4.7,,
5.400000000000001,,
4.5,,
,5.41,
5.0,,
5.5,,
5.35,,
4.5,,
6.1,,
4.9,,
5.2,,
6.1,,
5.05,,
4.77,,
5.2,,
4.9,,
5.400000000000001,,
5.12,,
4.7,,
5.08,,
4.833333333333333,,
5.1,,
4.85,,
5.599999999999999,,
6.2,,
4.85,,
5.6,,
5.85,,
5.400000000000001,,
5.65,,
4.6,,
4.85,,
4.978571428571429,5.01,
4.8,5.32,
,5.345,
5.1,,
,,6.04
4.8,,
5.5,,
5.05,,
6.22,,
7.1,,
6.64,,
6.0,,
,5.3933333333333335,
5.3,,
4.55,,
,7.26,
,5.103333333333333,
4.6,,
5.68,,
4.8,,
,,4.8
5.24,,
6.05,,
4.85,,
5.3,,
4.8,,
5.1,,
4.92,,
5.1,,
4.85,,
4.95,,
4.51,,
5.0,,
5.2,,
4.7,,
4.85,,
4.29,,
4.75,,
5.35,,
,4.98,
5.1,,
4.5,,
5.45,,
5.64,,
4.95,,
5.56,,
4.6,,
4.92,,
4.953333333333333,,
4.3,,
4.0,,
5.12,,
,5.11,
5.400000000000001,,
5.15,,
4.77,,
5.55,,
4.75,,
,6.44,
5.85,,
4.9,,
5.09,,
5.1,,
5.4,,
5.4,,
4.7,,
,,6.26
5.15,,
,4.766666666666667,
4.55,,
4.85,,
4.86,,
,6.01,
6.3,,
7.3,,
4.5,,
5.1,,
4.6579999999999995,,
5.0,,
5.35,,
4.9,,
5.05,,
5.1,,
5.45,,
5.15,,
5.55,,
4.75,,
4.3,,
5.4,,
5.4,,
,5.1,
6.375,,
5.65,,
5.0,,
,6.24,
4.92,,
6.35,,
5.4,,
5.0,,
4.8,,
4.5,,
5.3,,
4.6,,
5.3,,
4.75,,
4.46,,
,5.1850000000000005,
4.09,,
5.54,,
7.0,,
4.8,,
5.8,,
5.22,,
4.95,,
,6.883333333333333,
5.4,,
5.14,,
4.8,,
6.43,,
4.89,,
4.8,,
4.8,,
4.733333333333333,,
4.8,,
5.599999999999999,,
6.28,,
4.5,,
5.6,,
5.15,,
5.24,,
5.400000000000001,,
4.9,,
6.05,,
4.4,,
4.96,,
4.75,,
4.9,,
6.099999999999999,,
4.55,,
6.0,,
5.400000000000001,,
5.1,,
4.8,,
4.92,,
6.01,,
5.9,,
5.1,,
6.81,,
5.400000000000001,,
5.0,,
4.75,,
6.099999999999999,,
,5.51,
5.5,,
4.4,,
4.5,,
4.8,,
4.44,,
5.15,,
4.8,,
5.99,,
5.0,,
4.85,,
5.400000000000001,,
5.9,,
4.8,,
4.65,,
4.8,,
5.0,,
4.9,,
5.45,,
4.8,,
5.15,,
5.5,,
5.55,,
5.6,,
6.16,,
,6.0,
4.8,,
4.85,,
5.31,,
5.400000000000001,,
4.81,,
5.914999999999999,,
4.68,,
4.55,,
4.8,,
4.795,,
6.7,,
4.85,,
5.01,,
5.25,,
5.900000000000001,,
6.1,,
